series_id,source_sheet,source_table,source_row,indicator_id,indicator_label,unit,year,value_as_published,source_file
atm_debit_shopping_volume,5a,Table 5a. ATM Card and Debit Card,13,7,Volume Transaksi Belanja,Ribu Transaksi/ Thousands of Transaction,2009,98178.888,SPIP-Desember-2025.xlsx
atm_debit_shopping_volume,5a,Table 5a. ATM Card and Debit Card,13,7,Volume Transaksi Belanja,Ribu Transaksi/ Thousands of Transaction,2010,111720.55600000001,SPIP-Desember-2025.xlsx
atm_debit_shopping_volume,5a,Table 5a. ATM Card and Debit Card,13,7,Volume Transaksi Belanja,Ribu Transaksi/ Thousands of Transaction,2011,138330.82100000003,SPIP-Desember-2025.xlsx
atm_debit_shopping_volume,5a,Table 5a. ATM Card and Debit Card,13,7,Volume Transaksi Belanja,Ribu Transaksi/ Thousands of Transaction,2012,184880.3982553836,SPIP-Desember-2025.xlsx
atm_debit_shopping_volume,5a,Table 5a. ATM Card and Debit Card,13,7,Volume Transaksi Belanja,Ribu Transaksi/ Thousands of Transaction,2013,242845.28900000002,SPIP-Desember-2025.xlsx
atm_debit_shopping_volume,5a,Table 5a. ATM Card and Debit Card,13,7,Volume Transaksi Belanja,Ribu Transaksi/ Thousands of Transaction,2014,292054.983,SPIP-Desember-2025.xlsx
atm_debit_shopping_volume,5a,Table 5a. ATM Card and Debit Card,13,7,Volume Transaksi Belanja,Ribu Transaksi/ Thousands of Transaction,2015,348746.229,SPIP-Desember-2025.xlsx
atm_debit_shopping_volume,5a,Table 5a. ATM Card and Debit Card,13,7,Volume Transaksi Belanja,Ribu Transaksi/ Thousands of Transaction,2016,424288.87200000003,SPIP-Desember-2025.xlsx
atm_debit_shopping_volume,5a,Table 5a. ATM Card and Debit Card,13,7,Volume Transaksi Belanja,Ribu Transaksi/ Thousands of Transaction,2017,501215.442,SPIP-Desember-2025.xlsx
atm_debit_shopping_volume,5a,Table 5a. ATM Card and Debit Card,13,7,Volume Transaksi Belanja,Ribu Transaksi/ Thousands of Transaction,2018,577329.8975000001,SPIP-Desember-2025.xlsx
atm_debit_shopping_volume,5a,Table 5a. ATM Card and Debit Card,13,7,Volume Transaksi Belanja,Ribu Transaksi/ Thousands of Transaction,2019,676034.9450000001,SPIP-Desember-2025.xlsx
atm_debit_shopping_volume,5a,Table 5a. ATM Card and Debit Card,13,7,Volume Transaksi Belanja,Ribu Transaksi/ Thousands of Transaction,2020,647291.425,SPIP-Desember-2025.xlsx
atm_debit_shopping_volume,5a,Table 5a. ATM Card and Debit Card,13,7,Volume Transaksi Belanja,Ribu Transaksi/ Thousands of Transaction,2021,788935.729,SPIP-Desember-2025.xlsx
atm_debit_shopping_volume,5a,Table 5a. ATM Card and Debit Card,13,7,Volume Transaksi Belanja,Ribu Transaksi/ Thousands of Transaction,2022,1261622.286,SPIP-Desember-2025.xlsx
atm_debit_shopping_volume,5a,Table 5a. ATM Card and Debit Card,13,7,Volume Transaksi Belanja,Ribu Transaksi/ Thousands of Transaction,2023,1375725.4340000001,SPIP-Desember-2025.xlsx
atm_debit_shopping_volume,5a,Table 5a. ATM Card and Debit Card,13,7,Volume Transaksi Belanja,Ribu Transaksi/ Thousands of Transaction,2024,1266526.793,SPIP-Desember-2025.xlsx
atm_debit_shopping_value,5a,Table 5a. ATM Card and Debit Card,19,13,Nilai Transaksi Belanja,Rp Miliar/Billions of Rp,2009,56171.235,SPIP-Desember-2025.xlsx
atm_debit_shopping_value,5a,Table 5a. ATM Card and Debit Card,19,13,Nilai Transaksi Belanja,Rp Miliar/Billions of Rp,2010,65317.622,SPIP-Desember-2025.xlsx
atm_debit_shopping_value,5a,Table 5a. ATM Card and Debit Card,19,13,Nilai Transaksi Belanja,Rp Miliar/Billions of Rp,2011,84571.382,SPIP-Desember-2025.xlsx
atm_debit_shopping_value,5a,Table 5a. ATM Card and Debit Card,19,13,Nilai Transaksi Belanja,Rp Miliar/Billions of Rp,2012,110703.02002162569,SPIP-Desember-2025.xlsx
atm_debit_shopping_value,5a,Table 5a. ATM Card and Debit Card,19,13,Nilai Transaksi Belanja,Rp Miliar/Billions of Rp,2013,147112.9067015935,SPIP-Desember-2025.xlsx
atm_debit_shopping_value,5a,Table 5a. ATM Card and Debit Card,19,13,Nilai Transaksi Belanja,Rp Miliar/Billions of Rp,2014,180640.90162941802,SPIP-Desember-2025.xlsx
atm_debit_shopping_value,5a,Table 5a. ATM Card and Debit Card,19,13,Nilai Transaksi Belanja,Rp Miliar/Billions of Rp,2015,210386.400449829,SPIP-Desember-2025.xlsx
atm_debit_shopping_value,5a,Table 5a. ATM Card and Debit Card,19,13,Nilai Transaksi Belanja,Rp Miliar/Billions of Rp,2016,251846.504002702,SPIP-Desember-2025.xlsx
atm_debit_shopping_value,5a,Table 5a. ATM Card and Debit Card,19,13,Nilai Transaksi Belanja,Rp Miliar/Billions of Rp,2017,286214.063152211,SPIP-Desember-2025.xlsx
atm_debit_shopping_value,5a,Table 5a. ATM Card and Debit Card,19,13,Nilai Transaksi Belanja,Rp Miliar/Billions of Rp,2018,293279.1481608495,SPIP-Desember-2025.xlsx
atm_debit_shopping_value,5a,Table 5a. ATM Card and Debit Card,19,13,Nilai Transaksi Belanja,Rp Miliar/Billions of Rp,2019,332905.55225395295,SPIP-Desember-2025.xlsx
atm_debit_shopping_value,5a,Table 5a. ATM Card and Debit Card,19,13,Nilai Transaksi Belanja,Rp Miliar/Billions of Rp,2020,284783.50729909993,SPIP-Desember-2025.xlsx
atm_debit_shopping_value,5a,Table 5a. ATM Card and Debit Card,19,13,Nilai Transaksi Belanja,Rp Miliar/Billions of Rp,2021,336109.9108446021,SPIP-Desember-2025.xlsx
atm_debit_shopping_value,5a,Table 5a. ATM Card and Debit Card,19,13,Nilai Transaksi Belanja,Rp Miliar/Billions of Rp,2022,548606.4794913031,SPIP-Desember-2025.xlsx
atm_debit_shopping_value,5a,Table 5a. ATM Card and Debit Card,19,13,Nilai Transaksi Belanja,Rp Miliar/Billions of Rp,2023,567795.9179712179,SPIP-Desember-2025.xlsx
atm_debit_shopping_value,5a,Table 5a. ATM Card and Debit Card,19,13,Nilai Transaksi Belanja,Rp Miliar/Billions of Rp,2024,531666.755989468,SPIP-Desember-2025.xlsx
credit_card_shopping_volume,5c,Table 5c. Credit Card,13,7,Volume Transaksi Belanja,Ribu Transaksi/ Thousands of Transaction,2009,177817.542,SPIP-Desember-2025.xlsx
credit_card_shopping_volume,5c,Table 5c. Credit Card,13,7,Volume Transaksi Belanja,Ribu Transaksi/ Thousands of Transaction,2010,194675.23299999998,SPIP-Desember-2025.xlsx
credit_card_shopping_volume,5c,Table 5c. Credit Card,13,7,Volume Transaksi Belanja,Ribu Transaksi/ Thousands of Transaction,2011,205303.56,SPIP-Desember-2025.xlsx
credit_card_shopping_volume,5c,Table 5c. Credit Card,13,7,Volume Transaksi Belanja,Ribu Transaksi/ Thousands of Transaction,2012,217965.18253051175,SPIP-Desember-2025.xlsx
credit_card_shopping_volume,5c,Table 5c. Credit Card,13,7,Volume Transaksi Belanja,Ribu Transaksi/ Thousands of Transaction,2013,235695.969,SPIP-Desember-2025.xlsx
credit_card_shopping_volume,5c,Table 5c. Credit Card,13,7,Volume Transaksi Belanja,Ribu Transaksi/ Thousands of Transaction,2014,250543.21800000002,SPIP-Desember-2025.xlsx
credit_card_shopping_volume,5c,Table 5c. Credit Card,13,7,Volume Transaksi Belanja,Ribu Transaksi/ Thousands of Transaction,2015,274719.267,SPIP-Desember-2025.xlsx
credit_card_shopping_volume,5c,Table 5c. Credit Card,13,7,Volume Transaksi Belanja,Ribu Transaksi/ Thousands of Transaction,2016,297661.97400000005,SPIP-Desember-2025.xlsx
credit_card_shopping_volume,5c,Table 5c. Credit Card,13,7,Volume Transaksi Belanja,Ribu Transaksi/ Thousands of Transaction,2017,319291.74700000003,SPIP-Desember-2025.xlsx
credit_card_shopping_volume,5c,Table 5c. Credit Card,13,7,Volume Transaksi Belanja,Ribu Transaksi/ Thousands of Transaction,2018,330145.675,SPIP-Desember-2025.xlsx
credit_card_shopping_volume,5c,Table 5c. Credit Card,13,7,Volume Transaksi Belanja,Ribu Transaksi/ Thousands of Transaction,2019,340248.604,SPIP-Desember-2025.xlsx
credit_card_shopping_volume,5c,Table 5c. Credit Card,13,7,Volume Transaksi Belanja,Ribu Transaksi/ Thousands of Transaction,2020,268209.72500000003,SPIP-Desember-2025.xlsx
credit_card_shopping_volume,5c,Table 5c. Credit Card,13,7,Volume Transaksi Belanja,Ribu Transaksi/ Thousands of Transaction,2021,277051.23199999996,SPIP-Desember-2025.xlsx
credit_card_shopping_volume,5c,Table 5c. Credit Card,13,7,Volume Transaksi Belanja,Ribu Transaksi/ Thousands of Transaction,2022,337486.259,SPIP-Desember-2025.xlsx
credit_card_shopping_volume,5c,Table 5c. Credit Card,13,7,Volume Transaksi Belanja,Ribu Transaksi/ Thousands of Transaction,2023,388261.348,SPIP-Desember-2025.xlsx
credit_card_shopping_volume,5c,Table 5c. Credit Card,13,7,Volume Transaksi Belanja,Ribu Transaksi/ Thousands of Transaction,2024,454820.16899999994,SPIP-Desember-2025.xlsx
credit_card_shopping_value,5c,Table 5c. Credit Card,21,15,Nilai Transaksi Belanja,Rp Miliar/Billions of Rp,2009,132651.566842526,SPIP-Desember-2025.xlsx
credit_card_shopping_value,5c,Table 5c. Credit Card,21,15,Nilai Transaksi Belanja,Rp Miliar/Billions of Rp,2010,158687.05701153298,SPIP-Desember-2025.xlsx
credit_card_shopping_value,5c,Table 5c. Credit Card,21,15,Nilai Transaksi Belanja,Rp Miliar/Billions of Rp,2011,178160.762896556,SPIP-Desember-2025.xlsx
credit_card_shopping_value,5c,Table 5c. Credit Card,21,15,Nilai Transaksi Belanja,Rp Miliar/Billions of Rp,2012,197558.98508924752,SPIP-Desember-2025.xlsx
credit_card_shopping_value,5c,Table 5c. Credit Card,21,15,Nilai Transaksi Belanja,Rp Miliar/Billions of Rp,2013,219026.984145289,SPIP-Desember-2025.xlsx
credit_card_shopping_value,5c,Table 5c. Credit Card,21,15,Nilai Transaksi Belanja,Rp Miliar/Billions of Rp,2014,250177.5153262,SPIP-Desember-2025.xlsx
credit_card_shopping_value,5c,Table 5c. Credit Card,21,15,Nilai Transaksi Belanja,Rp Miliar/Billions of Rp,2015,273141.966553682,SPIP-Desember-2025.xlsx
credit_card_shopping_value,5c,Table 5c. Credit Card,21,15,Nilai Transaksi Belanja,Rp Miliar/Billions of Rp,2016,272950.051733976,SPIP-Desember-2025.xlsx
credit_card_shopping_value,5c,Table 5c. Credit Card,21,15,Nilai Transaksi Belanja,Rp Miliar/Billions of Rp,2017,288912.87605351,SPIP-Desember-2025.xlsx
credit_card_shopping_value,5c,Table 5c. Credit Card,21,15,Nilai Transaksi Belanja,Rp Miliar/Billions of Rp,2018,305201.320175522,SPIP-Desember-2025.xlsx
credit_card_shopping_value,5c,Table 5c. Credit Card,21,15,Nilai Transaksi Belanja,Rp Miliar/Billions of Rp,2019,332644.75398742803,SPIP-Desember-2025.xlsx
credit_card_shopping_value,5c,Table 5c. Credit Card,21,15,Nilai Transaksi Belanja,Rp Miliar/Billions of Rp,2020,231553.110898041,SPIP-Desember-2025.xlsx
credit_card_shopping_value,5c,Table 5c. Credit Card,21,15,Nilai Transaksi Belanja,Rp Miliar/Billions of Rp,2021,237748.50953163984,SPIP-Desember-2025.xlsx
credit_card_shopping_value,5c,Table 5c. Credit Card,21,15,Nilai Transaksi Belanja,Rp Miliar/Billions of Rp,2022,315695.641686754,SPIP-Desember-2025.xlsx
credit_card_shopping_value,5c,Table 5c. Credit Card,21,15,Nilai Transaksi Belanja,Rp Miliar/Billions of Rp,2023,397011.54245201504,SPIP-Desember-2025.xlsx
credit_card_shopping_value,5c,Table 5c. Credit Card,21,15,Nilai Transaksi Belanja,Rp Miliar/Billions of Rp,2024,427981.75888758997,SPIP-Desember-2025.xlsx
electronic_money_instruments,5e,Table 5e. Electronic Money,7,1,Jumlah Kartu/ Instrumen,Juta Unit/ Millions of Unit,2009,3.016272,SPIP-Desember-2025.xlsx
electronic_money_instruments,5e,Table 5e. Electronic Money,7,1,Jumlah Kartu/ Instrumen,Juta Unit/ Millions of Unit,2010,7.914018,SPIP-Desember-2025.xlsx
electronic_money_instruments,5e,Table 5e. Electronic Money,7,1,Jumlah Kartu/ Instrumen,Juta Unit/ Millions of Unit,2011,14.299726,SPIP-Desember-2025.xlsx
electronic_money_instruments,5e,Table 5e. Electronic Money,7,1,Jumlah Kartu/ Instrumen,Juta Unit/ Millions of Unit,2012,21.869946,SPIP-Desember-2025.xlsx
electronic_money_instruments,5e,Table 5e. Electronic Money,7,1,Jumlah Kartu/ Instrumen,Juta Unit/ Millions of Unit,2013,36.225373,SPIP-Desember-2025.xlsx
electronic_money_instruments,5e,Table 5e. Electronic Money,7,1,Jumlah Kartu/ Instrumen,Juta Unit/ Millions of Unit,2014,35.738233,SPIP-Desember-2025.xlsx
electronic_money_instruments,5e,Table 5e. Electronic Money,7,1,Jumlah Kartu/ Instrumen,Juta Unit/ Millions of Unit,2015,34.314795,SPIP-Desember-2025.xlsx
electronic_money_instruments,5e,Table 5e. Electronic Money,7,1,Jumlah Kartu/ Instrumen,Juta Unit/ Millions of Unit,2016,51.20458,SPIP-Desember-2025.xlsx
electronic_money_instruments,5e,Table 5e. Electronic Money,7,1,Jumlah Kartu/ Instrumen,Juta Unit/ Millions of Unit,2017,90.003848,SPIP-Desember-2025.xlsx
electronic_money_instruments,5e,Table 5e. Electronic Money,7,1,Jumlah Kartu/ Instrumen,Juta Unit/ Millions of Unit,2018,167.205578,SPIP-Desember-2025.xlsx
electronic_money_instruments,5e,Table 5e. Electronic Money,7,1,Jumlah Kartu/ Instrumen,Juta Unit/ Millions of Unit,2019,292.29932,SPIP-Desember-2025.xlsx
electronic_money_instruments,5e,Table 5e. Electronic Money,7,1,Jumlah Kartu/ Instrumen,Juta Unit/ Millions of Unit,2020,432.28138,SPIP-Desember-2025.xlsx
electronic_money_instruments,5e,Table 5e. Electronic Money,7,1,Jumlah Kartu/ Instrumen,Juta Unit/ Millions of Unit,2021,575.323419,SPIP-Desember-2025.xlsx
electronic_money_instruments,5e,Table 5e. Electronic Money,7,1,Jumlah Kartu/ Instrumen,Juta Unit/ Millions of Unit,2022,730.7010379999999,SPIP-Desember-2025.xlsx
electronic_money_instruments,5e,Table 5e. Electronic Money,7,1,Jumlah Kartu/ Instrumen,Juta Unit/ Millions of Unit,2023,809.783312,SPIP-Desember-2025.xlsx
electronic_money_instruments,5e,Table 5e. Electronic Money,7,1,Jumlah Kartu/ Instrumen,Juta Unit/ Millions of Unit,2024,922.069268,SPIP-Desember-2025.xlsx
electronic_money_total_volume,5e,Table 5e. Electronic Money,16,10,Volume Transaksi,Ribu Transaksi/ Thousands of Transaction,2009,17436.631999999998,SPIP-Desember-2025.xlsx
electronic_money_total_volume,5e,Table 5e. Electronic Money,16,10,Volume Transaksi,Ribu Transaksi/ Thousands of Transaction,2010,26541.982,SPIP-Desember-2025.xlsx
electronic_money_total_volume,5e,Table 5e. Electronic Money,16,10,Volume Transaksi,Ribu Transaksi/ Thousands of Transaction,2011,41060.149,SPIP-Desember-2025.xlsx
electronic_money_total_volume,5e,Table 5e. Electronic Money,16,10,Volume Transaksi,Ribu Transaksi/ Thousands of Transaction,2012,100635.41424250833,SPIP-Desember-2025.xlsx
electronic_money_total_volume,5e,Table 5e. Electronic Money,16,10,Volume Transaksi,Ribu Transaksi/ Thousands of Transaction,2013,533477.6518159469,SPIP-Desember-2025.xlsx
electronic_money_total_volume,5e,Table 5e. Electronic Money,16,10,Volume Transaksi,Ribu Transaksi/ Thousands of Transaction,2014,239165.71099999998,SPIP-Desember-2025.xlsx
electronic_money_total_volume,5e,Table 5e. Electronic Money,16,10,Volume Transaksi,Ribu Transaksi/ Thousands of Transaction,2015,590735.723,SPIP-Desember-2025.xlsx
electronic_money_total_volume,5e,Table 5e. Electronic Money,16,10,Volume Transaksi,Ribu Transaksi/ Thousands of Transaction,2016,758778.3780000001,SPIP-Desember-2025.xlsx
electronic_money_total_volume,5e,Table 5e. Electronic Money,16,10,Volume Transaksi,Ribu Transaksi/ Thousands of Transaction,2017,1162276.7781931015,SPIP-Desember-2025.xlsx
electronic_money_total_volume,5e,Table 5e. Electronic Money,16,10,Volume Transaksi,Ribu Transaksi/ Thousands of Transaction,2018,3429014.5644999994,SPIP-Desember-2025.xlsx
electronic_money_total_volume,5e,Table 5e. Electronic Money,16,10,Volume Transaksi,Ribu Transaksi/ Thousands of Transaction,2019,7053582.922000001,SPIP-Desember-2025.xlsx
electronic_money_total_volume,5e,Table 5e. Electronic Money,16,10,Volume Transaksi,Ribu Transaksi/ Thousands of Transaction,2020,15043475.259000003,SPIP-Desember-2025.xlsx
electronic_money_total_volume,5e,Table 5e. Electronic Money,16,10,Volume Transaksi,Ribu Transaksi/ Thousands of Transaction,2021,8264160.256000001,SPIP-Desember-2025.xlsx
electronic_money_total_volume,5e,Table 5e. Electronic Money,16,10,Volume Transaksi,Ribu Transaksi/ Thousands of Transaction,2022,12330359.597000001,SPIP-Desember-2025.xlsx
electronic_money_total_volume,5e,Table 5e. Electronic Money,16,10,Volume Transaksi,Ribu Transaksi/ Thousands of Transaction,2023,20407737.756,SPIP-Desember-2025.xlsx
electronic_money_total_volume,5e,Table 5e. Electronic Money,16,10,Volume Transaksi,Ribu Transaksi/ Thousands of Transaction,2024,21670349.061999995,SPIP-Desember-2025.xlsx
electronic_money_shopping_volume,5e,Table 5e. Electronic Money,17,11,Volume Transaksi Belanja,Ribu Transaksi/ Thousands of Transaction,2009,17436.631999999998,SPIP-Desember-2025.xlsx
electronic_money_shopping_volume,5e,Table 5e. Electronic Money,17,11,Volume Transaksi Belanja,Ribu Transaksi/ Thousands of Transaction,2010,26541.982,SPIP-Desember-2025.xlsx
electronic_money_shopping_volume,5e,Table 5e. Electronic Money,17,11,Volume Transaksi Belanja,Ribu Transaksi/ Thousands of Transaction,2011,41060.149,SPIP-Desember-2025.xlsx
electronic_money_shopping_volume,5e,Table 5e. Electronic Money,17,11,Volume Transaksi Belanja,Ribu Transaksi/ Thousands of Transaction,2012,100635.41424250831,SPIP-Desember-2025.xlsx
electronic_money_shopping_volume,5e,Table 5e. Electronic Money,17,11,Volume Transaksi Belanja,Ribu Transaksi/ Thousands of Transaction,2013,137900.77899999998,SPIP-Desember-2025.xlsx
electronic_money_shopping_volume,5e,Table 5e. Electronic Money,17,11,Volume Transaksi Belanja,Ribu Transaksi/ Thousands of Transaction,2014,203369.99,SPIP-Desember-2025.xlsx
electronic_money_shopping_volume,5e,Table 5e. Electronic Money,17,11,Volume Transaksi Belanja,Ribu Transaksi/ Thousands of Transaction,2015,535579.5279999999,SPIP-Desember-2025.xlsx
electronic_money_shopping_volume,5e,Table 5e. Electronic Money,17,11,Volume Transaksi Belanja,Ribu Transaksi/ Thousands of Transaction,2016,683133.352,SPIP-Desember-2025.xlsx
electronic_money_shopping_volume,5e,Table 5e. Electronic Money,17,11,Volume Transaksi Belanja,Ribu Transaksi/ Thousands of Transaction,2017,943319.9330000002,SPIP-Desember-2025.xlsx
electronic_money_shopping_volume,5e,Table 5e. Electronic Money,17,11,Volume Transaksi Belanja,Ribu Transaksi/ Thousands of Transaction,2018,2922698.9044999997,SPIP-Desember-2025.xlsx
electronic_money_shopping_volume,5e,Table 5e. Electronic Money,17,11,Volume Transaksi Belanja,Ribu Transaksi/ Thousands of Transaction,2019,5226699.919,SPIP-Desember-2025.xlsx
electronic_money_shopping_volume,5e,Table 5e. Electronic Money,17,11,Volume Transaksi Belanja,Ribu Transaksi/ Thousands of Transaction,2020,4625703.561,SPIP-Desember-2025.xlsx
electronic_money_shopping_volume,5e,Table 5e. Electronic Money,17,11,Volume Transaksi Belanja,Ribu Transaksi/ Thousands of Transaction,2021,5451471.374,SPIP-Desember-2025.xlsx
electronic_money_shopping_volume,5e,Table 5e. Electronic Money,17,11,Volume Transaksi Belanja,Ribu Transaksi/ Thousands of Transaction,2022,6925777.552999999,SPIP-Desember-2025.xlsx
electronic_money_shopping_volume,5e,Table 5e. Electronic Money,17,11,Volume Transaksi Belanja,Ribu Transaksi/ Thousands of Transaction,2023,7734227.233,SPIP-Desember-2025.xlsx
electronic_money_shopping_volume,5e,Table 5e. Electronic Money,17,11,Volume Transaksi Belanja,Ribu Transaksi/ Thousands of Transaction,2024,10385213.384,SPIP-Desember-2025.xlsx
electronic_money_total_value,5e,Table 5e. Electronic Money,26,20,Nilai Transaksi,Rp Miliar/Billions of Rp,2009,519.21265,SPIP-Desember-2025.xlsx
electronic_money_total_value,5e,Table 5e. Electronic Money,26,20,Nilai Transaksi,Rp Miliar/Billions of Rp,2010,693.46701,SPIP-Desember-2025.xlsx
electronic_money_total_value,5e,Table 5e. Electronic Money,26,20,Nilai Transaksi,Rp Miliar/Billions of Rp,2011,981.2969700000001,SPIP-Desember-2025.xlsx
electronic_money_total_value,5e,Table 5e. Electronic Money,26,20,Nilai Transaksi,Rp Miliar/Billions of Rp,2012,1971.5495273580354,SPIP-Desember-2025.xlsx
electronic_money_total_value,5e,Table 5e. Electronic Money,26,20,Nilai Transaksi,Rp Miliar/Billions of Rp,2013,6146.649238225,SPIP-Desember-2025.xlsx
electronic_money_total_value,5e,Table 5e. Electronic Money,26,20,Nilai Transaksi,Rp Miliar/Billions of Rp,2014,8776.742912765001,SPIP-Desember-2025.xlsx
electronic_money_total_value,5e,Table 5e. Electronic Money,26,20,Nilai Transaksi,Rp Miliar/Billions of Rp,2015,14755.996737180998,SPIP-Desember-2025.xlsx
electronic_money_total_value,5e,Table 5e. Electronic Money,26,20,Nilai Transaksi,Rp Miliar/Billions of Rp,2016,18338.277225747,SPIP-Desember-2025.xlsx
electronic_money_total_value,5e,Table 5e. Electronic Money,26,20,Nilai Transaksi,Rp Miliar/Billions of Rp,2017,38079.813312844,SPIP-Desember-2025.xlsx
electronic_money_total_value,5e,Table 5e. Electronic Money,26,20,Nilai Transaksi,Rp Miliar/Billions of Rp,2018,106779.6253604233,SPIP-Desember-2025.xlsx
electronic_money_total_value,5e,Table 5e. Electronic Money,26,20,Nilai Transaksi,Rp Miliar/Billions of Rp,2019,473443.0649181908,SPIP-Desember-2025.xlsx
electronic_money_total_value,5e,Table 5e. Electronic Money,26,20,Nilai Transaksi,Rp Miliar/Billions of Rp,2020,504956.18487454986,SPIP-Desember-2025.xlsx
electronic_money_total_value,5e,Table 5e. Electronic Money,26,20,Nilai Transaksi,Rp Miliar/Billions of Rp,2021,786454.348800424,SPIP-Desember-2025.xlsx
electronic_money_total_value,5e,Table 5e. Electronic Money,26,20,Nilai Transaksi,Rp Miliar/Billions of Rp,2022,1177797.3558978145,SPIP-Desember-2025.xlsx
electronic_money_total_value,5e,Table 5e. Electronic Money,26,20,Nilai Transaksi,Rp Miliar/Billions of Rp,2023,1859951.4633803072,SPIP-Desember-2025.xlsx
electronic_money_total_value,5e,Table 5e. Electronic Money,26,20,Nilai Transaksi,Rp Miliar/Billions of Rp,2024,2503958.868913521,SPIP-Desember-2025.xlsx
electronic_money_shopping_value,5e,Table 5e. Electronic Money,27,21,Nilai Transaksi Belanja,Rp Miliar/Billions of Rp,2009,519.21265,SPIP-Desember-2025.xlsx
electronic_money_shopping_value,5e,Table 5e. Electronic Money,27,21,Nilai Transaksi Belanja,Rp Miliar/Billions of Rp,2010,693.46701,SPIP-Desember-2025.xlsx
electronic_money_shopping_value,5e,Table 5e. Electronic Money,27,21,Nilai Transaksi Belanja,Rp Miliar/Billions of Rp,2011,981.2969700000001,SPIP-Desember-2025.xlsx
electronic_money_shopping_value,5e,Table 5e. Electronic Money,27,21,Nilai Transaksi Belanja,Rp Miliar/Billions of Rp,2012,1971.5495273580354,SPIP-Desember-2025.xlsx
electronic_money_shopping_value,5e,Table 5e. Electronic Money,27,21,Nilai Transaksi Belanja,Rp Miliar/Billions of Rp,2013,2907.4321369460004,SPIP-Desember-2025.xlsx
electronic_money_shopping_value,5e,Table 5e. Electronic Money,27,21,Nilai Transaksi Belanja,Rp Miliar/Billions of Rp,2014,3319.5560428550007,SPIP-Desember-2025.xlsx
electronic_money_shopping_value,5e,Table 5e. Electronic Money,27,21,Nilai Transaksi Belanja,Rp Miliar/Billions of Rp,2015,5283.0176517790005,SPIP-Desember-2025.xlsx
electronic_money_shopping_value,5e,Table 5e. Electronic Money,27,21,Nilai Transaksi Belanja,Rp Miliar/Billions of Rp,2016,7063.688968575,SPIP-Desember-2025.xlsx
electronic_money_shopping_value,5e,Table 5e. Electronic Money,27,21,Nilai Transaksi Belanja,Rp Miliar/Billions of Rp,2017,12375.468717372001,SPIP-Desember-2025.xlsx
electronic_money_shopping_value,5e,Table 5e. Electronic Money,27,21,Nilai Transaksi Belanja,Rp Miliar/Billions of Rp,2018,47198.61610514828,SPIP-Desember-2025.xlsx
electronic_money_shopping_value,5e,Table 5e. Electronic Money,27,21,Nilai Transaksi Belanja,Rp Miliar/Billions of Rp,2019,145165.46775259473,SPIP-Desember-2025.xlsx
electronic_money_shopping_value,5e,Table 5e. Electronic Money,27,21,Nilai Transaksi Belanja,Rp Miliar/Billions of Rp,2020,204909.16998485295,SPIP-Desember-2025.xlsx
electronic_money_shopping_value,5e,Table 5e. Electronic Money,27,21,Nilai Transaksi Belanja,Rp Miliar/Billions of Rp,2021,305435.828472424,SPIP-Desember-2025.xlsx
electronic_money_shopping_value,5e,Table 5e. Electronic Money,27,21,Nilai Transaksi Belanja,Rp Miliar/Billions of Rp,2022,407534.24147258914,SPIP-Desember-2025.xlsx
electronic_money_shopping_value,5e,Table 5e. Electronic Money,27,21,Nilai Transaksi Belanja,Rp Miliar/Billions of Rp,2023,457729.1938397822,SPIP-Desember-2025.xlsx
electronic_money_shopping_value,5e,Table 5e. Electronic Money,27,21,Nilai Transaksi Belanja,Rp Miliar/Billions of Rp,2024,597199.3267879852,SPIP-Desember-2025.xlsx
apmk_electronic_money_merchants,5g,Table 5g. Card-Based Payment Instruments (APMK) and Electronic Money (UE) Infrastructures,17,11,Jumlah Merchant,Unit,2013,343215,SPIP-Desember-2025.xlsx
apmk_electronic_money_merchants,5g,Table 5g. Card-Based Payment Instruments (APMK) and Electronic Money (UE) Infrastructures,17,11,Jumlah Merchant,Unit,2014,462327,SPIP-Desember-2025.xlsx
apmk_electronic_money_merchants,5g,Table 5g. Card-Based Payment Instruments (APMK) and Electronic Money (UE) Infrastructures,17,11,Jumlah Merchant,Unit,2015,567554,SPIP-Desember-2025.xlsx
apmk_electronic_money_merchants,5g,Table 5g. Card-Based Payment Instruments (APMK) and Electronic Money (UE) Infrastructures,17,11,Jumlah Merchant,Unit,2016,602460,SPIP-Desember-2025.xlsx
apmk_electronic_money_merchants,5g,Table 5g. Card-Based Payment Instruments (APMK) and Electronic Money (UE) Infrastructures,17,11,Jumlah Merchant,Unit,2017,698482,SPIP-Desember-2025.xlsx
apmk_electronic_money_merchants,5g,Table 5g. Card-Based Payment Instruments (APMK) and Electronic Money (UE) Infrastructures,17,11,Jumlah Merchant,Unit,2018,584368,SPIP-Desember-2025.xlsx
apmk_electronic_money_merchants,5g,Table 5g. Card-Based Payment Instruments (APMK) and Electronic Money (UE) Infrastructures,17,11,Jumlah Merchant,Unit,2019,661080,SPIP-Desember-2025.xlsx
apmk_electronic_money_merchants,5g,Table 5g. Card-Based Payment Instruments (APMK) and Electronic Money (UE) Infrastructures,17,11,Jumlah Merchant,Unit,2020,934648,SPIP-Desember-2025.xlsx
apmk_electronic_money_merchants,5g,Table 5g. Card-Based Payment Instruments (APMK) and Electronic Money (UE) Infrastructures,17,11,Jumlah Merchant,Unit,2021,1008618,SPIP-Desember-2025.xlsx
apmk_electronic_money_merchants,5g,Table 5g. Card-Based Payment Instruments (APMK) and Electronic Money (UE) Infrastructures,17,11,Jumlah Merchant,Unit,2022,1108824,SPIP-Desember-2025.xlsx
apmk_electronic_money_merchants,5g,Table 5g. Card-Based Payment Instruments (APMK) and Electronic Money (UE) Infrastructures,17,11,Jumlah Merchant,Unit,2023,1315095,SPIP-Desember-2025.xlsx
apmk_electronic_money_merchants,5g,Table 5g. Card-Based Payment Instruments (APMK) and Electronic Money (UE) Infrastructures,17,11,Jumlah Merchant,Unit,2024,1496926,SPIP-Desember-2025.xlsx
nonbank_domestic_transfer_volume,6,Table 6. Fund Transfer by Non-Bank,11,5,Pengiriman Uang dalam Wilayah Indonesia,Ribu Transaksi/ Thousand of Transactions,2012,472.58200000000005,SPIP-Desember-2025.xlsx
nonbank_domestic_transfer_volume,6,Table 6. Fund Transfer by Non-Bank,11,5,Pengiriman Uang dalam Wilayah Indonesia,Ribu Transaksi/ Thousand of Transactions,2013,348.74299999999994,SPIP-Desember-2025.xlsx
nonbank_domestic_transfer_volume,6,Table 6. Fund Transfer by Non-Bank,11,5,Pengiriman Uang dalam Wilayah Indonesia,Ribu Transaksi/ Thousand of Transactions,2014,7679.128074810471,SPIP-Desember-2025.xlsx
nonbank_domestic_transfer_volume,6,Table 6. Fund Transfer by Non-Bank,11,5,Pengiriman Uang dalam Wilayah Indonesia,Ribu Transaksi/ Thousand of Transactions,2015,15186.650000000001,SPIP-Desember-2025.xlsx
nonbank_domestic_transfer_volume,6,Table 6. Fund Transfer by Non-Bank,11,5,Pengiriman Uang dalam Wilayah Indonesia,Ribu Transaksi/ Thousand of Transactions,2016,12401.859999999999,SPIP-Desember-2025.xlsx
nonbank_domestic_transfer_volume,6,Table 6. Fund Transfer by Non-Bank,11,5,Pengiriman Uang dalam Wilayah Indonesia,Ribu Transaksi/ Thousand of Transactions,2017,13164.029,SPIP-Desember-2025.xlsx
nonbank_domestic_transfer_volume,6,Table 6. Fund Transfer by Non-Bank,11,5,Pengiriman Uang dalam Wilayah Indonesia,Ribu Transaksi/ Thousand of Transactions,2018,32035.619000000002,SPIP-Desember-2025.xlsx
nonbank_domestic_transfer_volume,6,Table 6. Fund Transfer by Non-Bank,11,5,Pengiriman Uang dalam Wilayah Indonesia,Ribu Transaksi/ Thousand of Transactions,2019,218891.154,SPIP-Desember-2025.xlsx
nonbank_domestic_transfer_volume,6,Table 6. Fund Transfer by Non-Bank,11,5,Pengiriman Uang dalam Wilayah Indonesia,Ribu Transaksi/ Thousand of Transactions,2020,325895.993,SPIP-Desember-2025.xlsx
nonbank_domestic_transfer_volume,6,Table 6. Fund Transfer by Non-Bank,11,5,Pengiriman Uang dalam Wilayah Indonesia,Ribu Transaksi/ Thousand of Transactions,2021,698133.726,SPIP-Desember-2025.xlsx
nonbank_domestic_transfer_volume,6,Table 6. Fund Transfer by Non-Bank,11,5,Pengiriman Uang dalam Wilayah Indonesia,Ribu Transaksi/ Thousand of Transactions,2022,2073068.2832237908,SPIP-Desember-2025.xlsx
nonbank_domestic_transfer_volume,6,Table 6. Fund Transfer by Non-Bank,11,5,Pengiriman Uang dalam Wilayah Indonesia,Ribu Transaksi/ Thousand of Transactions,2023,4233928.481,SPIP-Desember-2025.xlsx
nonbank_domestic_transfer_volume,6,Table 6. Fund Transfer by Non-Bank,11,5,Pengiriman Uang dalam Wilayah Indonesia,Ribu Transaksi/ Thousand of Transactions,2024,6125591.684,SPIP-Desember-2025.xlsx
nonbank_domestic_transfer_value,6,Table 6. Fund Transfer by Non-Bank,16,10,Pengiriman Uang dalam Wilayah Indonesia,Rp Miliar/ Billions of Rp,2012,6723.098098331871,SPIP-Desember-2025.xlsx
nonbank_domestic_transfer_value,6,Table 6. Fund Transfer by Non-Bank,16,10,Pengiriman Uang dalam Wilayah Indonesia,Rp Miliar/ Billions of Rp,2013,5585.707350365689,SPIP-Desember-2025.xlsx
nonbank_domestic_transfer_value,6,Table 6. Fund Transfer by Non-Bank,16,10,Pengiriman Uang dalam Wilayah Indonesia,Rp Miliar/ Billions of Rp,2014,16384.993848398455,SPIP-Desember-2025.xlsx
nonbank_domestic_transfer_value,6,Table 6. Fund Transfer by Non-Bank,16,10,Pengiriman Uang dalam Wilayah Indonesia,Rp Miliar/ Billions of Rp,2015,30456.945633397005,SPIP-Desember-2025.xlsx
nonbank_domestic_transfer_value,6,Table 6. Fund Transfer by Non-Bank,16,10,Pengiriman Uang dalam Wilayah Indonesia,Rp Miliar/ Billions of Rp,2016,22614.181955947002,SPIP-Desember-2025.xlsx
nonbank_domestic_transfer_value,6,Table 6. Fund Transfer by Non-Bank,16,10,Pengiriman Uang dalam Wilayah Indonesia,Rp Miliar/ Billions of Rp,2017,18556.76114,SPIP-Desember-2025.xlsx
nonbank_domestic_transfer_value,6,Table 6. Fund Transfer by Non-Bank,16,10,Pengiriman Uang dalam Wilayah Indonesia,Rp Miliar/ Billions of Rp,2018,32719.872298935996,SPIP-Desember-2025.xlsx
nonbank_domestic_transfer_value,6,Table 6. Fund Transfer by Non-Bank,16,10,Pengiriman Uang dalam Wilayah Indonesia,Rp Miliar/ Billions of Rp,2019,80475.34745584299,SPIP-Desember-2025.xlsx
nonbank_domestic_transfer_value,6,Table 6. Fund Transfer by Non-Bank,16,10,Pengiriman Uang dalam Wilayah Indonesia,Rp Miliar/ Billions of Rp,2020,142206.42553116678,SPIP-Desember-2025.xlsx
nonbank_domestic_transfer_value,6,Table 6. Fund Transfer by Non-Bank,16,10,Pengiriman Uang dalam Wilayah Indonesia,Rp Miliar/ Billions of Rp,2021,331210.978985797,SPIP-Desember-2025.xlsx
nonbank_domestic_transfer_value,6,Table 6. Fund Transfer by Non-Bank,16,10,Pengiriman Uang dalam Wilayah Indonesia,Rp Miliar/ Billions of Rp,2022,585242.1590886748,SPIP-Desember-2025.xlsx
nonbank_domestic_transfer_value,6,Table 6. Fund Transfer by Non-Bank,16,10,Pengiriman Uang dalam Wilayah Indonesia,Rp Miliar/ Billions of Rp,2023,775163.7154498849,SPIP-Desember-2025.xlsx
nonbank_domestic_transfer_value,6,Table 6. Fund Transfer by Non-Bank,16,10,Pengiriman Uang dalam Wilayah Indonesia,Rp Miliar/ Billions of Rp,2024,1272290.0956365862,SPIP-Desember-2025.xlsx
proprietary_channel_total_volume,7,Table 7. Proprietary Channel,8,2,Volume Transaksi,Ribu Transaksi/  Thousand Transaction ,2013,1926975.3969999999,SPIP-Desember-2025.xlsx
proprietary_channel_total_volume,7,Table 7. Proprietary Channel,8,2,Volume Transaksi,Ribu Transaksi/  Thousand Transaction ,2014,2780117.378,SPIP-Desember-2025.xlsx
proprietary_channel_total_volume,7,Table 7. Proprietary Channel,8,2,Volume Transaksi,Ribu Transaksi/  Thousand Transaction ,2015,3431900.6100000003,SPIP-Desember-2025.xlsx
proprietary_channel_total_volume,7,Table 7. Proprietary Channel,8,2,Volume Transaksi,Ribu Transaksi/  Thousand Transaction ,2016,4364750.173,SPIP-Desember-2025.xlsx
proprietary_channel_total_volume,7,Table 7. Proprietary Channel,8,2,Volume Transaksi,Ribu Transaksi/  Thousand Transaction ,2017,5359092.995,SPIP-Desember-2025.xlsx
proprietary_channel_total_volume,7,Table 7. Proprietary Channel,8,2,Volume Transaksi,Ribu Transaksi/  Thousand Transaction ,2018,5096488.121000001,SPIP-Desember-2025.xlsx
proprietary_channel_total_volume,7,Table 7. Proprietary Channel,8,2,Volume Transaksi,Ribu Transaksi/  Thousand Transaction ,2019,3514074.8669999996,SPIP-Desember-2025.xlsx
proprietary_channel_total_volume,7,Table 7. Proprietary Channel,8,2,Volume Transaksi,Ribu Transaksi/  Thousand Transaction ,2020,4960859.496,SPIP-Desember-2025.xlsx
proprietary_channel_total_volume,7,Table 7. Proprietary Channel,8,2,Volume Transaksi,Ribu Transaksi/  Thousand Transaction ,2021,7772507.412,SPIP-Desember-2025.xlsx
proprietary_channel_total_volume,7,Table 7. Proprietary Channel,8,2,Volume Transaksi,Ribu Transaksi/  Thousand Transaction ,2022,11765598.434,SPIP-Desember-2025.xlsx
proprietary_channel_total_volume,7,Table 7. Proprietary Channel,8,2,Volume Transaksi,Ribu Transaksi/  Thousand Transaction ,2023,16044326.916999998,SPIP-Desember-2025.xlsx
proprietary_channel_total_volume,7,Table 7. Proprietary Channel,8,2,Volume Transaksi,Ribu Transaksi/  Thousand Transaction ,2024,22004368.015,SPIP-Desember-2025.xlsx
proprietary_channel_total_value,7,Table 7. Proprietary Channel,9,3,Nilai Transaksi,Rp Miliar/ Billions of Rp,2013,12584415.900762098,SPIP-Desember-2025.xlsx
proprietary_channel_total_value,7,Table 7. Proprietary Channel,9,3,Nilai Transaksi,Rp Miliar/ Billions of Rp,2014,11743408.711041022,SPIP-Desember-2025.xlsx
proprietary_channel_total_value,7,Table 7. Proprietary Channel,9,3,Nilai Transaksi,Rp Miliar/ Billions of Rp,2015,12348281.91711232,SPIP-Desember-2025.xlsx
proprietary_channel_total_value,7,Table 7. Proprietary Channel,9,3,Nilai Transaksi,Rp Miliar/ Billions of Rp,2016,14387336.31425741,SPIP-Desember-2025.xlsx
proprietary_channel_total_value,7,Table 7. Proprietary Channel,9,3,Nilai Transaksi,Rp Miliar/ Billions of Rp,2017,17078107.651325952,SPIP-Desember-2025.xlsx
proprietary_channel_total_value,7,Table 7. Proprietary Channel,9,3,Nilai Transaksi,Rp Miliar/ Billions of Rp,2018,22593258.241096914,SPIP-Desember-2025.xlsx
proprietary_channel_total_value,7,Table 7. Proprietary Channel,9,3,Nilai Transaksi,Rp Miliar/ Billions of Rp,2019,27379756.313911162,SPIP-Desember-2025.xlsx
proprietary_channel_total_value,7,Table 7. Proprietary Channel,9,3,Nilai Transaksi,Rp Miliar/ Billions of Rp,2020,27547295.390899908,SPIP-Desember-2025.xlsx
proprietary_channel_total_value,7,Table 7. Proprietary Channel,9,3,Nilai Transaksi,Rp Miliar/ Billions of Rp,2021,40853117.753301986,SPIP-Desember-2025.xlsx
proprietary_channel_total_value,7,Table 7. Proprietary Channel,9,3,Nilai Transaksi,Rp Miliar/ Billions of Rp,2022,52548952.720093906,SPIP-Desember-2025.xlsx
proprietary_channel_total_value,7,Table 7. Proprietary Channel,9,3,Nilai Transaksi,Rp Miliar/ Billions of Rp,2023,58324902.72564139,SPIP-Desember-2025.xlsx
proprietary_channel_total_value,7,Table 7. Proprietary Channel,9,3,Nilai Transaksi,Rp Miliar/ Billions of Rp,2024,87867187.42528903,SPIP-Desember-2025.xlsx
mobile_banking_total_volume,7,Table 7. Proprietary Channel,22,16,Volume Transaksi SMS/Mobile Banking,Ribu Transaksi/  Thousand Transaction ,2013,784118.3959999998,SPIP-Desember-2025.xlsx
mobile_banking_total_volume,7,Table 7. Proprietary Channel,22,16,Volume Transaksi SMS/Mobile Banking,Ribu Transaksi/  Thousand Transaction ,2014,1241096.1680000003,SPIP-Desember-2025.xlsx
mobile_banking_total_volume,7,Table 7. Proprietary Channel,22,16,Volume Transaksi SMS/Mobile Banking,Ribu Transaksi/  Thousand Transaction ,2015,1595599.1840000001,SPIP-Desember-2025.xlsx
mobile_banking_total_volume,7,Table 7. Proprietary Channel,22,16,Volume Transaksi SMS/Mobile Banking,Ribu Transaksi/  Thousand Transaction ,2016,2129316.96,SPIP-Desember-2025.xlsx
mobile_banking_total_volume,7,Table 7. Proprietary Channel,22,16,Volume Transaksi SMS/Mobile Banking,Ribu Transaksi/  Thousand Transaction ,2017,2733829.68,SPIP-Desember-2025.xlsx
mobile_banking_total_volume,7,Table 7. Proprietary Channel,22,16,Volume Transaksi SMS/Mobile Banking,Ribu Transaksi/  Thousand Transaction ,2018,2855556.6640000003,SPIP-Desember-2025.xlsx
mobile_banking_total_volume,7,Table 7. Proprietary Channel,22,16,Volume Transaksi SMS/Mobile Banking,Ribu Transaksi/  Thousand Transaction ,2019,2360094.118,SPIP-Desember-2025.xlsx
mobile_banking_total_volume,7,Table 7. Proprietary Channel,22,16,Volume Transaksi SMS/Mobile Banking,Ribu Transaksi/  Thousand Transaction ,2020,3427100.921,SPIP-Desember-2025.xlsx
mobile_banking_total_volume,7,Table 7. Proprietary Channel,22,16,Volume Transaksi SMS/Mobile Banking,Ribu Transaksi/  Thousand Transaction ,2021,5534245.009,SPIP-Desember-2025.xlsx
mobile_banking_total_volume,7,Table 7. Proprietary Channel,22,16,Volume Transaksi SMS/Mobile Banking,Ribu Transaksi/  Thousand Transaction ,2022,8354936.883000001,SPIP-Desember-2025.xlsx
mobile_banking_total_volume,7,Table 7. Proprietary Channel,22,16,Volume Transaksi SMS/Mobile Banking,Ribu Transaksi/  Thousand Transaction ,2023,12334036.311999999,SPIP-Desember-2025.xlsx
mobile_banking_total_volume,7,Table 7. Proprietary Channel,22,16,Volume Transaksi SMS/Mobile Banking,Ribu Transaksi/  Thousand Transaction ,2024,19550661.614,SPIP-Desember-2025.xlsx
mobile_banking_payment_purchase_volume,7,Table 7. Proprietary Channel,23,17,Transaksi Pembayaran/Pembelian,Ribu Transaksi/  Thousand Transaction ,2019,589401.609,SPIP-Desember-2025.xlsx
mobile_banking_payment_purchase_volume,7,Table 7. Proprietary Channel,23,17,Transaksi Pembayaran/Pembelian,Ribu Transaksi/  Thousand Transaction ,2020,668180.6749999999,SPIP-Desember-2025.xlsx
mobile_banking_payment_purchase_volume,7,Table 7. Proprietary Channel,23,17,Transaksi Pembayaran/Pembelian,Ribu Transaksi/  Thousand Transaction ,2021,955078.9719999998,SPIP-Desember-2025.xlsx
mobile_banking_payment_purchase_volume,7,Table 7. Proprietary Channel,23,17,Transaksi Pembayaran/Pembelian,Ribu Transaksi/  Thousand Transaction ,2022,1475741.695,SPIP-Desember-2025.xlsx
mobile_banking_payment_purchase_volume,7,Table 7. Proprietary Channel,23,17,Transaksi Pembayaran/Pembelian,Ribu Transaksi/  Thousand Transaction ,2023,2799464.5039999997,SPIP-Desember-2025.xlsx
mobile_banking_payment_purchase_volume,7,Table 7. Proprietary Channel,23,17,Transaksi Pembayaran/Pembelian,Ribu Transaksi/  Thousand Transaction ,2024,6238325.694,SPIP-Desember-2025.xlsx
mobile_banking_total_value,7,Table 7. Proprietary Channel,26,20,Nilai Transaksi SMS/Mobile Banking,Rp Miliar/ Billions of Rp,2013,486279.70159411203,SPIP-Desember-2025.xlsx
mobile_banking_total_value,7,Table 7. Proprietary Channel,26,20,Nilai Transaksi SMS/Mobile Banking,Rp Miliar/ Billions of Rp,2014,663513.4333747199,SPIP-Desember-2025.xlsx
mobile_banking_total_value,7,Table 7. Proprietary Channel,26,20,Nilai Transaksi SMS/Mobile Banking,Rp Miliar/ Billions of Rp,2015,821919.2721408,SPIP-Desember-2025.xlsx
mobile_banking_total_value,7,Table 7. Proprietary Channel,26,20,Nilai Transaksi SMS/Mobile Banking,Rp Miliar/ Billions of Rp,2016,1159313.561223168,SPIP-Desember-2025.xlsx
mobile_banking_total_value,7,Table 7. Proprietary Channel,26,20,Nilai Transaksi SMS/Mobile Banking,Rp Miliar/ Billions of Rp,2017,1638508.078825472,SPIP-Desember-2025.xlsx
mobile_banking_total_value,7,Table 7. Proprietary Channel,26,20,Nilai Transaksi SMS/Mobile Banking,Rp Miliar/ Billions of Rp,2018,2328703.375565397,SPIP-Desember-2025.xlsx
mobile_banking_total_value,7,Table 7. Proprietary Channel,26,20,Nilai Transaksi SMS/Mobile Banking,Rp Miliar/ Billions of Rp,2019,3522491.380444542,SPIP-Desember-2025.xlsx
mobile_banking_total_value,7,Table 7. Proprietary Channel,26,20,Nilai Transaksi SMS/Mobile Banking,Rp Miliar/ Billions of Rp,2020,4770122.279449999,SPIP-Desember-2025.xlsx
mobile_banking_total_value,7,Table 7. Proprietary Channel,26,20,Nilai Transaksi SMS/Mobile Banking,Rp Miliar/ Billions of Rp,2021,7730864.957638505,SPIP-Desember-2025.xlsx
mobile_banking_total_value,7,Table 7. Proprietary Channel,26,20,Nilai Transaksi SMS/Mobile Banking,Rp Miliar/ Billions of Rp,2022,9995238.54688862,SPIP-Desember-2025.xlsx
mobile_banking_total_value,7,Table 7. Proprietary Channel,26,20,Nilai Transaksi SMS/Mobile Banking,Rp Miliar/ Billions of Rp,2023,14378353.034957472,SPIP-Desember-2025.xlsx
mobile_banking_total_value,7,Table 7. Proprietary Channel,26,20,Nilai Transaksi SMS/Mobile Banking,Rp Miliar/ Billions of Rp,2024,23077473.363156892,SPIP-Desember-2025.xlsx
mobile_banking_payment_purchase_value,7,Table 7. Proprietary Channel,27,21,Transaksi Pembayaran/Pembelian,Rp Miliar/ Billions of Rp,2019,301210.452589914,SPIP-Desember-2025.xlsx
mobile_banking_payment_purchase_value,7,Table 7. Proprietary Channel,27,21,Transaksi Pembayaran/Pembelian,Rp Miliar/ Billions of Rp,2020,278268.44886999996,SPIP-Desember-2025.xlsx
mobile_banking_payment_purchase_value,7,Table 7. Proprietary Channel,27,21,Transaksi Pembayaran/Pembelian,Rp Miliar/ Billions of Rp,2021,404167.61752595997,SPIP-Desember-2025.xlsx
mobile_banking_payment_purchase_value,7,Table 7. Proprietary Channel,27,21,Transaksi Pembayaran/Pembelian,Rp Miliar/ Billions of Rp,2022,585589.1762003299,SPIP-Desember-2025.xlsx
mobile_banking_payment_purchase_value,7,Table 7. Proprietary Channel,27,21,Transaksi Pembayaran/Pembelian,Rp Miliar/ Billions of Rp,2023,989754.2865744518,SPIP-Desember-2025.xlsx
mobile_banking_payment_purchase_value,7,Table 7. Proprietary Channel,27,21,Transaksi Pembayaran/Pembelian,Rp Miliar/ Billions of Rp,2024,1809708.500795369,SPIP-Desember-2025.xlsx
internet_banking_total_volume,7,Table 7. Proprietary Channel,32,26,Volume Transaksi Internet Banking,Ribu Transaksi/  Thousand Transaction ,2013,1140284.8159999999,SPIP-Desember-2025.xlsx
internet_banking_total_volume,7,Table 7. Proprietary Channel,32,26,Volume Transaksi Internet Banking,Ribu Transaksi/  Thousand Transaction ,2014,1536122.3679999998,SPIP-Desember-2025.xlsx
internet_banking_total_volume,7,Table 7. Proprietary Channel,32,26,Volume Transaksi Internet Banking,Ribu Transaksi/  Thousand Transaction ,2015,1833751.88,SPIP-Desember-2025.xlsx
internet_banking_total_volume,7,Table 7. Proprietary Channel,32,26,Volume Transaksi Internet Banking,Ribu Transaksi/  Thousand Transaction ,2016,2233373.728,SPIP-Desember-2025.xlsx
internet_banking_total_volume,7,Table 7. Proprietary Channel,32,26,Volume Transaksi Internet Banking,Ribu Transaksi/  Thousand Transaction ,2017,2622033.344,SPIP-Desember-2025.xlsx
internet_banking_total_volume,7,Table 7. Proprietary Channel,32,26,Volume Transaksi Internet Banking,Ribu Transaksi/  Thousand Transaction ,2018,2238650.4780000006,SPIP-Desember-2025.xlsx
internet_banking_total_volume,7,Table 7. Proprietary Channel,32,26,Volume Transaksi Internet Banking,Ribu Transaksi/  Thousand Transaction ,2019,1151788.178,SPIP-Desember-2025.xlsx
internet_banking_total_volume,7,Table 7. Proprietary Channel,32,26,Volume Transaksi Internet Banking,Ribu Transaksi/  Thousand Transaction ,2020,1531839.372,SPIP-Desember-2025.xlsx
internet_banking_total_volume,7,Table 7. Proprietary Channel,32,26,Volume Transaksi Internet Banking,Ribu Transaksi/  Thousand Transaction ,2021,2237763.988,SPIP-Desember-2025.xlsx
internet_banking_total_volume,7,Table 7. Proprietary Channel,32,26,Volume Transaksi Internet Banking,Ribu Transaksi/  Thousand Transaction ,2022,3409503.3310000002,SPIP-Desember-2025.xlsx
internet_banking_total_volume,7,Table 7. Proprietary Channel,32,26,Volume Transaksi Internet Banking,Ribu Transaksi/  Thousand Transaction ,2023,3710195.962,SPIP-Desember-2025.xlsx
internet_banking_total_volume,7,Table 7. Proprietary Channel,32,26,Volume Transaksi Internet Banking,Ribu Transaksi/  Thousand Transaction ,2024,2453659.337,SPIP-Desember-2025.xlsx
internet_banking_payment_purchase_volume,7,Table 7. Proprietary Channel,33,27,Transaksi Pembayaran/Pembelian,Ribu Transaksi/  Thousand Transaction ,2019,279629.504,SPIP-Desember-2025.xlsx
internet_banking_payment_purchase_volume,7,Table 7. Proprietary Channel,33,27,Transaksi Pembayaran/Pembelian,Ribu Transaksi/  Thousand Transaction ,2020,406046.917,SPIP-Desember-2025.xlsx
internet_banking_payment_purchase_volume,7,Table 7. Proprietary Channel,33,27,Transaksi Pembayaran/Pembelian,Ribu Transaksi/  Thousand Transaction ,2021,415098.48099999997,SPIP-Desember-2025.xlsx
internet_banking_payment_purchase_volume,7,Table 7. Proprietary Channel,33,27,Transaksi Pembayaran/Pembelian,Ribu Transaksi/  Thousand Transaction ,2022,630816.9709999999,SPIP-Desember-2025.xlsx
internet_banking_payment_purchase_volume,7,Table 7. Proprietary Channel,33,27,Transaksi Pembayaran/Pembelian,Ribu Transaksi/  Thousand Transaction ,2023,683083.7239999999,SPIP-Desember-2025.xlsx
internet_banking_payment_purchase_volume,7,Table 7. Proprietary Channel,33,27,Transaksi Pembayaran/Pembelian,Ribu Transaksi/  Thousand Transaction ,2024,80606.504,SPIP-Desember-2025.xlsx
internet_banking_total_value,7,Table 7. Proprietary Channel,36,30,Nilai Transaksi Internet Banking,Rp Miliar/ Billions of Rp,2013,12093830.38379621,SPIP-Desember-2025.xlsx
internet_banking_total_value,7,Table 7. Proprietary Channel,36,30,Nilai Transaksi Internet Banking,Rp Miliar/ Billions of Rp,2014,11074145.823490046,SPIP-Desember-2025.xlsx
internet_banking_total_value,7,Table 7. Proprietary Channel,36,30,Nilai Transaksi Internet Banking,Rp Miliar/ Billions of Rp,2015,11521186.286534656,SPIP-Desember-2025.xlsx
internet_banking_total_value,7,Table 7. Proprietary Channel,36,30,Nilai Transaksi Internet Banking,Rp Miliar/ Billions of Rp,2016,13223602.740527105,SPIP-Desember-2025.xlsx
internet_banking_total_value,7,Table 7. Proprietary Channel,36,30,Nilai Transaksi Internet Banking,Rp Miliar/ Billions of Rp,2017,15435568.8800256,SPIP-Desember-2025.xlsx
internet_banking_total_value,7,Table 7. Proprietary Channel,36,30,Nilai Transaksi Internet Banking,Rp Miliar/ Billions of Rp,2018,20241522.611777764,SPIP-Desember-2025.xlsx
internet_banking_total_value,7,Table 7. Proprietary Channel,36,30,Nilai Transaksi Internet Banking,Rp Miliar/ Billions of Rp,2019,23764896.47596427,SPIP-Desember-2025.xlsx
internet_banking_total_value,7,Table 7. Proprietary Channel,36,30,Nilai Transaksi Internet Banking,Rp Miliar/ Billions of Rp,2020,22585573.26131991,SPIP-Desember-2025.xlsx
internet_banking_total_value,7,Table 7. Proprietary Channel,36,30,Nilai Transaksi Internet Banking,Rp Miliar/ Billions of Rp,2021,33089391.596466046,SPIP-Desember-2025.xlsx
internet_banking_total_value,7,Table 7. Proprietary Channel,36,30,Nilai Transaksi Internet Banking,Rp Miliar/ Billions of Rp,2022,42550582.34646263,SPIP-Desember-2025.xlsx
internet_banking_total_value,7,Table 7. Proprietary Channel,36,30,Nilai Transaksi Internet Banking,Rp Miliar/ Billions of Rp,2023,43945073.91033622,SPIP-Desember-2025.xlsx
internet_banking_total_value,7,Table 7. Proprietary Channel,36,30,Nilai Transaksi Internet Banking,Rp Miliar/ Billions of Rp,2024,64788640.2088657,SPIP-Desember-2025.xlsx
internet_banking_payment_purchase_value,7,Table 7. Proprietary Channel,37,31,Transaksi Pembayaran/Pembelian,Rp Miliar/ Billions of Rp,2019,643151.0816145829,SPIP-Desember-2025.xlsx
internet_banking_payment_purchase_value,7,Table 7. Proprietary Channel,37,31,Transaksi Pembayaran/Pembelian,Rp Miliar/ Billions of Rp,2020,395442.127899527,SPIP-Desember-2025.xlsx
internet_banking_payment_purchase_value,7,Table 7. Proprietary Channel,37,31,Transaksi Pembayaran/Pembelian,Rp Miliar/ Billions of Rp,2021,898708.911341929,SPIP-Desember-2025.xlsx
internet_banking_payment_purchase_value,7,Table 7. Proprietary Channel,37,31,Transaksi Pembayaran/Pembelian,Rp Miliar/ Billions of Rp,2022,1785465.6459668,SPIP-Desember-2025.xlsx
internet_banking_payment_purchase_value,7,Table 7. Proprietary Channel,37,31,Transaksi Pembayaran/Pembelian,Rp Miliar/ Billions of Rp,2023,1945319.1638207673,SPIP-Desember-2025.xlsx
internet_banking_payment_purchase_value,7,Table 7. Proprietary Channel,37,31,Transaksi Pembayaran/Pembelian,Rp Miliar/ Billions of Rp,2024,2753192.7561281137,SPIP-Desember-2025.xlsx
