platform,period,scope,unit,source_file,source_url,pdf_page,status,tpv,tpv_source_line,revenue,revenue_source_line,gpbd,gpbd_source_line
Blibli/GDN,2023Q2,1P Retail,IDR billion,broad_archive/raw/blibli/7c90ca67ef64_Earnings-Release-1H23-PT-Global-Digital-Niaga-Tbk.pdf.pdf,https://asset-about.blibli.com/2023/07/Earnings-Release-1H23-PT-Global-Digital-Niaga-Tbk.pdf,2,reported table extraction; geographic eligibility and visual cell review pending,2098.0,"-    1P Retail                                          2,098                2,484              (16)               4,497                4,612                  (3)",1834.0,"-    1P Retail                                          1,834                 2,250             (19)               3,927                4,159               (6)",118.0,-    1P Retail                                           118                    78                51               283                   184                54
Blibli/GDN,2023Q2,3P Retail,IDR billion,broad_archive/raw/blibli/7c90ca67ef64_Earnings-Release-1H23-PT-Global-Digital-Niaga-Tbk.pdf.pdf,https://asset-about.blibli.com/2023/07/Earnings-Release-1H23-PT-Global-Digital-Niaga-Tbk.pdf,2,reported table extraction; geographic eligibility and visual cell review pending,12490.0,"-    3P Retail                                         12,490                8,596                45              25,806               14,229                  81",292.0,-    3P Retail                                            292                    30             873                  567                   70              710,490.0,-    3P Retail                                           490                  301                 63               957                   529                81
Blibli/GDN,2023Q2,Institutions,IDR billion,broad_archive/raw/blibli/7c90ca67ef64_Earnings-Release-1H23-PT-Global-Digital-Niaga-Tbk.pdf.pdf,https://asset-about.blibli.com/2023/07/Earnings-Release-1H23-PT-Global-Digital-Niaga-Tbk.pdf,2,reported table extraction; geographic eligibility and visual cell review pending,3074.0,"-    Institutions                                       3,074                2,000                54               4,148                3,354                  24",760.0,"-    Institutions                                         760                   360             111                1,221                  730               67",60.0,-    Institutions                                          60                   21               191                 84                    34              147
Blibli/GDN,2023Q2,Physical Stores,IDR billion,broad_archive/raw/blibli/7c90ca67ef64_Earnings-Release-1H23-PT-Global-Digital-Niaga-Tbk.pdf.pdf,https://asset-about.blibli.com/2023/07/Earnings-Release-1H23-PT-Global-Digital-Niaga-Tbk.pdf,2,reported table extraction; geographic eligibility and visual cell review pending,1202.0,"-    Physical Stores                                    1,202                1,012                19               2,328                1,950                  19",1060.0,"-    Physical Stores                                    1,060                   904               17               2,061                1,753               18",233.0,-    Physical Stores                                     233                  185                 26               448                   370                21
Blibli/GDN,2023Q2,Group,IDR billion,broad_archive/raw/blibli/7c90ca67ef64_Earnings-Release-1H23-PT-Global-Digital-Niaga-Tbk.pdf.pdf,https://asset-about.blibli.com/2023/07/Earnings-Release-1H23-PT-Global-Digital-Niaga-Tbk.pdf,2,reported table extraction; geographic eligibility and visual cell review pending,18864.0,"Total TPV                                              18,864               14,092                34              36,779               24,145                  52",3946.0,"Total Net Revenues                                       3,946                 3,544               11               7,776                6,712               16",901.0,"Total GPBD                                                901                  584                 54             1,772                 1,117                59"
Blibli/GDN,2022Q2,1P Retail,IDR billion,broad_archive/raw/blibli/7c90ca67ef64_Earnings-Release-1H23-PT-Global-Digital-Niaga-Tbk.pdf.pdf,https://asset-about.blibli.com/2023/07/Earnings-Release-1H23-PT-Global-Digital-Niaga-Tbk.pdf,2,reported table extraction; geographic eligibility and visual cell review pending,2484.0,"-    1P Retail                                          2,098                2,484              (16)               4,497                4,612                  (3)",2250.0,"-    1P Retail                                          1,834                 2,250             (19)               3,927                4,159               (6)",78.0,-    1P Retail                                           118                    78                51               283                   184                54
Blibli/GDN,2022Q2,3P Retail,IDR billion,broad_archive/raw/blibli/7c90ca67ef64_Earnings-Release-1H23-PT-Global-Digital-Niaga-Tbk.pdf.pdf,https://asset-about.blibli.com/2023/07/Earnings-Release-1H23-PT-Global-Digital-Niaga-Tbk.pdf,2,reported table extraction; geographic eligibility and visual cell review pending,8596.0,"-    3P Retail                                         12,490                8,596                45              25,806               14,229                  81",30.0,-    3P Retail                                            292                    30             873                  567                   70              710,301.0,-    3P Retail                                           490                  301                 63               957                   529                81
Blibli/GDN,2022Q2,Institutions,IDR billion,broad_archive/raw/blibli/7c90ca67ef64_Earnings-Release-1H23-PT-Global-Digital-Niaga-Tbk.pdf.pdf,https://asset-about.blibli.com/2023/07/Earnings-Release-1H23-PT-Global-Digital-Niaga-Tbk.pdf,2,reported table extraction; geographic eligibility and visual cell review pending,2000.0,"-    Institutions                                       3,074                2,000                54               4,148                3,354                  24",360.0,"-    Institutions                                         760                   360             111                1,221                  730               67",21.0,-    Institutions                                          60                   21               191                 84                    34              147
Blibli/GDN,2022Q2,Physical Stores,IDR billion,broad_archive/raw/blibli/7c90ca67ef64_Earnings-Release-1H23-PT-Global-Digital-Niaga-Tbk.pdf.pdf,https://asset-about.blibli.com/2023/07/Earnings-Release-1H23-PT-Global-Digital-Niaga-Tbk.pdf,2,reported table extraction; geographic eligibility and visual cell review pending,1012.0,"-    Physical Stores                                    1,202                1,012                19               2,328                1,950                  19",904.0,"-    Physical Stores                                    1,060                   904               17               2,061                1,753               18",185.0,-    Physical Stores                                     233                  185                 26               448                   370                21
Blibli/GDN,2022Q2,Group,IDR billion,broad_archive/raw/blibli/7c90ca67ef64_Earnings-Release-1H23-PT-Global-Digital-Niaga-Tbk.pdf.pdf,https://asset-about.blibli.com/2023/07/Earnings-Release-1H23-PT-Global-Digital-Niaga-Tbk.pdf,2,reported table extraction; geographic eligibility and visual cell review pending,14092.0,"Total TPV                                              18,864               14,092                34              36,779               24,145                  52",3544.0,"Total Net Revenues                                       3,946                 3,544               11               7,776                6,712               16",584.0,"Total GPBD                                                901                  584                 54             1,772                 1,117                59"
Blibli/GDN,2023H1,1P Retail,IDR billion,broad_archive/raw/blibli/7c90ca67ef64_Earnings-Release-1H23-PT-Global-Digital-Niaga-Tbk.pdf.pdf,https://asset-about.blibli.com/2023/07/Earnings-Release-1H23-PT-Global-Digital-Niaga-Tbk.pdf,2,reported table extraction; geographic eligibility and visual cell review pending,4497.0,"-    1P Retail                                          2,098                2,484              (16)               4,497                4,612                  (3)",3927.0,"-    1P Retail                                          1,834                 2,250             (19)               3,927                4,159               (6)",283.0,-    1P Retail                                           118                    78                51               283                   184                54
Blibli/GDN,2023H1,3P Retail,IDR billion,broad_archive/raw/blibli/7c90ca67ef64_Earnings-Release-1H23-PT-Global-Digital-Niaga-Tbk.pdf.pdf,https://asset-about.blibli.com/2023/07/Earnings-Release-1H23-PT-Global-Digital-Niaga-Tbk.pdf,2,reported table extraction; geographic eligibility and visual cell review pending,25806.0,"-    3P Retail                                         12,490                8,596                45              25,806               14,229                  81",567.0,-    3P Retail                                            292                    30             873                  567                   70              710,957.0,-    3P Retail                                           490                  301                 63               957                   529                81
Blibli/GDN,2023H1,Institutions,IDR billion,broad_archive/raw/blibli/7c90ca67ef64_Earnings-Release-1H23-PT-Global-Digital-Niaga-Tbk.pdf.pdf,https://asset-about.blibli.com/2023/07/Earnings-Release-1H23-PT-Global-Digital-Niaga-Tbk.pdf,2,reported table extraction; geographic eligibility and visual cell review pending,4148.0,"-    Institutions                                       3,074                2,000                54               4,148                3,354                  24",1221.0,"-    Institutions                                         760                   360             111                1,221                  730               67",84.0,-    Institutions                                          60                   21               191                 84                    34              147
Blibli/GDN,2023H1,Physical Stores,IDR billion,broad_archive/raw/blibli/7c90ca67ef64_Earnings-Release-1H23-PT-Global-Digital-Niaga-Tbk.pdf.pdf,https://asset-about.blibli.com/2023/07/Earnings-Release-1H23-PT-Global-Digital-Niaga-Tbk.pdf,2,reported table extraction; geographic eligibility and visual cell review pending,2328.0,"-    Physical Stores                                    1,202                1,012                19               2,328                1,950                  19",2061.0,"-    Physical Stores                                    1,060                   904               17               2,061                1,753               18",448.0,-    Physical Stores                                     233                  185                 26               448                   370                21
Blibli/GDN,2023H1,Group,IDR billion,broad_archive/raw/blibli/7c90ca67ef64_Earnings-Release-1H23-PT-Global-Digital-Niaga-Tbk.pdf.pdf,https://asset-about.blibli.com/2023/07/Earnings-Release-1H23-PT-Global-Digital-Niaga-Tbk.pdf,2,reported table extraction; geographic eligibility and visual cell review pending,36779.0,"Total TPV                                              18,864               14,092                34              36,779               24,145                  52",7776.0,"Total Net Revenues                                       3,946                 3,544               11               7,776                6,712               16",1772.0,"Total GPBD                                                901                  584                 54             1,772                 1,117                59"
Blibli/GDN,2022H1,1P Retail,IDR billion,broad_archive/raw/blibli/7c90ca67ef64_Earnings-Release-1H23-PT-Global-Digital-Niaga-Tbk.pdf.pdf,https://asset-about.blibli.com/2023/07/Earnings-Release-1H23-PT-Global-Digital-Niaga-Tbk.pdf,2,reported table extraction; geographic eligibility and visual cell review pending,4612.0,"-    1P Retail                                          2,098                2,484              (16)               4,497                4,612                  (3)",4159.0,"-    1P Retail                                          1,834                 2,250             (19)               3,927                4,159               (6)",184.0,-    1P Retail                                           118                    78                51               283                   184                54
Blibli/GDN,2022H1,3P Retail,IDR billion,broad_archive/raw/blibli/7c90ca67ef64_Earnings-Release-1H23-PT-Global-Digital-Niaga-Tbk.pdf.pdf,https://asset-about.blibli.com/2023/07/Earnings-Release-1H23-PT-Global-Digital-Niaga-Tbk.pdf,2,reported table extraction; geographic eligibility and visual cell review pending,14229.0,"-    3P Retail                                         12,490                8,596                45              25,806               14,229                  81",70.0,-    3P Retail                                            292                    30             873                  567                   70              710,529.0,-    3P Retail                                           490                  301                 63               957                   529                81
Blibli/GDN,2022H1,Institutions,IDR billion,broad_archive/raw/blibli/7c90ca67ef64_Earnings-Release-1H23-PT-Global-Digital-Niaga-Tbk.pdf.pdf,https://asset-about.blibli.com/2023/07/Earnings-Release-1H23-PT-Global-Digital-Niaga-Tbk.pdf,2,reported table extraction; geographic eligibility and visual cell review pending,3354.0,"-    Institutions                                       3,074                2,000                54               4,148                3,354                  24",730.0,"-    Institutions                                         760                   360             111                1,221                  730               67",34.0,-    Institutions                                          60                   21               191                 84                    34              147
Blibli/GDN,2022H1,Physical Stores,IDR billion,broad_archive/raw/blibli/7c90ca67ef64_Earnings-Release-1H23-PT-Global-Digital-Niaga-Tbk.pdf.pdf,https://asset-about.blibli.com/2023/07/Earnings-Release-1H23-PT-Global-Digital-Niaga-Tbk.pdf,2,reported table extraction; geographic eligibility and visual cell review pending,1950.0,"-    Physical Stores                                    1,202                1,012                19               2,328                1,950                  19",1753.0,"-    Physical Stores                                    1,060                   904               17               2,061                1,753               18",370.0,-    Physical Stores                                     233                  185                 26               448                   370                21
Blibli/GDN,2022H1,Group,IDR billion,broad_archive/raw/blibli/7c90ca67ef64_Earnings-Release-1H23-PT-Global-Digital-Niaga-Tbk.pdf.pdf,https://asset-about.blibli.com/2023/07/Earnings-Release-1H23-PT-Global-Digital-Niaga-Tbk.pdf,2,reported table extraction; geographic eligibility and visual cell review pending,24145.0,"Total TPV                                              18,864               14,092                34              36,779               24,145                  52",6712.0,"Total Net Revenues                                       3,946                 3,544               11               7,776                6,712               16",1117.0,"Total GPBD                                                901                  584                 54             1,772                 1,117                59"
Blibli/GDN,2026Q1,1P Retail,IDR billion,broad_archive/raw/blibli/27dfe2442bca_Earnings-Release-1Q26-PT-Global-Digital-Niaga-Tbk-.pdf.pdf,https://asset-about.blibli.com/2026/05/Earnings-Release-1Q26-PT-Global-Digital-Niaga-Tbk-.pdf,2,reported table extraction; geographic eligibility and visual cell review pending,2272.0,"-    1P Retail                                                                   2,272                             1,880                        21                        6,413",1574.0,"-    1P Retail                                                                   1,574                              1,396                       13                       4,829",564.0,"-    1P Retail                                                                    564                                 460                      23                        1,500"
Blibli/GDN,2026Q1,3P Retail,IDR billion,broad_archive/raw/blibli/27dfe2442bca_Earnings-Release-1Q26-PT-Global-Digital-Niaga-Tbk-.pdf.pdf,https://asset-about.blibli.com/2026/05/Earnings-Release-1Q26-PT-Global-Digital-Niaga-Tbk-.pdf,2,reported table extraction; geographic eligibility and visual cell review pending,12103.0,"-    3P Retail                                                                  12,103                            13,593                       (11)                     53,187",384.0,"-    3P Retail                                                                    384                                 351                        9                        1,551",708.0,"-    3P Retail                                                                    708                                  701                       1                       2,847"
Blibli/GDN,2026Q1,Institutions,IDR billion,broad_archive/raw/blibli/27dfe2442bca_Earnings-Release-1Q26-PT-Global-Digital-Niaga-Tbk-.pdf.pdf,https://asset-about.blibli.com/2026/05/Earnings-Release-1Q26-PT-Global-Digital-Niaga-Tbk-.pdf,2,reported table extraction; geographic eligibility and visual cell review pending,4906.0,"-    Institutions                                                                4,906                             2,769                        77                       15,291",3553.0,"-    Institutions                                                               3,553                               1,498                      137                       8,955",430.0,-    Institutions                                                                 430                                 202                      113                          991
Blibli/GDN,2026Q1,Physical Stores,IDR billion,broad_archive/raw/blibli/27dfe2442bca_Earnings-Release-1Q26-PT-Global-Digital-Niaga-Tbk-.pdf.pdf,https://asset-about.blibli.com/2026/05/Earnings-Release-1Q26-PT-Global-Digital-Niaga-Tbk-.pdf,2,reported table extraction; geographic eligibility and visual cell review pending,2700.0,"-    Physical Stores                                                             2,700                              1,755                       54                       8,425",2324.0,"-    Physical Stores                                                            2,324                               1,449                      60                        7,026",465.0,"-    Physical Stores                                                              465                                 428                       9                         1,745"
Blibli/GDN,2026Q1,Group,IDR billion,broad_archive/raw/blibli/27dfe2442bca_Earnings-Release-1Q26-PT-Global-Digital-Niaga-Tbk-.pdf.pdf,https://asset-about.blibli.com/2026/05/Earnings-Release-1Q26-PT-Global-Digital-Niaga-Tbk-.pdf,2,reported table extraction; geographic eligibility and visual cell review pending,21981.0,"Total TPV                                                                       21,981                            19,997                        10                      83,316",7835.0,"Total Net Revenues                                                               7,835                              4,694                       67                       22,361",2167.0,"Total GPBD                                                                        2,167                               1,791                     21                        7,083"
Blibli/GDN,2025Q1,1P Retail,IDR billion,broad_archive/raw/blibli/27dfe2442bca_Earnings-Release-1Q26-PT-Global-Digital-Niaga-Tbk-.pdf.pdf,https://asset-about.blibli.com/2026/05/Earnings-Release-1Q26-PT-Global-Digital-Niaga-Tbk-.pdf,2,reported table extraction; geographic eligibility and visual cell review pending,1880.0,"-    1P Retail                                                                   2,272                             1,880                        21                        6,413",1396.0,"-    1P Retail                                                                   1,574                              1,396                       13                       4,829",460.0,"-    1P Retail                                                                    564                                 460                      23                        1,500"
Blibli/GDN,2025Q1,3P Retail,IDR billion,broad_archive/raw/blibli/27dfe2442bca_Earnings-Release-1Q26-PT-Global-Digital-Niaga-Tbk-.pdf.pdf,https://asset-about.blibli.com/2026/05/Earnings-Release-1Q26-PT-Global-Digital-Niaga-Tbk-.pdf,2,reported table extraction; geographic eligibility and visual cell review pending,13593.0,"-    3P Retail                                                                  12,103                            13,593                       (11)                     53,187",351.0,"-    3P Retail                                                                    384                                 351                        9                        1,551",701.0,"-    3P Retail                                                                    708                                  701                       1                       2,847"
Blibli/GDN,2025Q1,Institutions,IDR billion,broad_archive/raw/blibli/27dfe2442bca_Earnings-Release-1Q26-PT-Global-Digital-Niaga-Tbk-.pdf.pdf,https://asset-about.blibli.com/2026/05/Earnings-Release-1Q26-PT-Global-Digital-Niaga-Tbk-.pdf,2,reported table extraction; geographic eligibility and visual cell review pending,2769.0,"-    Institutions                                                                4,906                             2,769                        77                       15,291",1498.0,"-    Institutions                                                               3,553                               1,498                      137                       8,955",202.0,-    Institutions                                                                 430                                 202                      113                          991
Blibli/GDN,2025Q1,Physical Stores,IDR billion,broad_archive/raw/blibli/27dfe2442bca_Earnings-Release-1Q26-PT-Global-Digital-Niaga-Tbk-.pdf.pdf,https://asset-about.blibli.com/2026/05/Earnings-Release-1Q26-PT-Global-Digital-Niaga-Tbk-.pdf,2,reported table extraction; geographic eligibility and visual cell review pending,1755.0,"-    Physical Stores                                                             2,700                              1,755                       54                       8,425",1449.0,"-    Physical Stores                                                            2,324                               1,449                      60                        7,026",428.0,"-    Physical Stores                                                              465                                 428                       9                         1,745"
Blibli/GDN,2025Q1,Group,IDR billion,broad_archive/raw/blibli/27dfe2442bca_Earnings-Release-1Q26-PT-Global-Digital-Niaga-Tbk-.pdf.pdf,https://asset-about.blibli.com/2026/05/Earnings-Release-1Q26-PT-Global-Digital-Niaga-Tbk-.pdf,2,reported table extraction; geographic eligibility and visual cell review pending,19997.0,"Total TPV                                                                       21,981                            19,997                        10                      83,316",4694.0,"Total Net Revenues                                                               7,835                              4,694                       67                       22,361",1791.0,"Total GPBD                                                                        2,167                               1,791                     21                        7,083"
Blibli/GDN,2025FY,1P Retail,IDR billion,broad_archive/raw/blibli/27dfe2442bca_Earnings-Release-1Q26-PT-Global-Digital-Niaga-Tbk-.pdf.pdf,https://asset-about.blibli.com/2026/05/Earnings-Release-1Q26-PT-Global-Digital-Niaga-Tbk-.pdf,2,reported table extraction; geographic eligibility and visual cell review pending,6413.0,"-    1P Retail                                                                   2,272                             1,880                        21                        6,413",4829.0,"-    1P Retail                                                                   1,574                              1,396                       13                       4,829",1500.0,"-    1P Retail                                                                    564                                 460                      23                        1,500"
Blibli/GDN,2025FY,3P Retail,IDR billion,broad_archive/raw/blibli/27dfe2442bca_Earnings-Release-1Q26-PT-Global-Digital-Niaga-Tbk-.pdf.pdf,https://asset-about.blibli.com/2026/05/Earnings-Release-1Q26-PT-Global-Digital-Niaga-Tbk-.pdf,2,reported table extraction; geographic eligibility and visual cell review pending,53187.0,"-    3P Retail                                                                  12,103                            13,593                       (11)                     53,187",1551.0,"-    3P Retail                                                                    384                                 351                        9                        1,551",2847.0,"-    3P Retail                                                                    708                                  701                       1                       2,847"
Blibli/GDN,2025FY,Institutions,IDR billion,broad_archive/raw/blibli/27dfe2442bca_Earnings-Release-1Q26-PT-Global-Digital-Niaga-Tbk-.pdf.pdf,https://asset-about.blibli.com/2026/05/Earnings-Release-1Q26-PT-Global-Digital-Niaga-Tbk-.pdf,2,reported table extraction; geographic eligibility and visual cell review pending,15291.0,"-    Institutions                                                                4,906                             2,769                        77                       15,291",8955.0,"-    Institutions                                                               3,553                               1,498                      137                       8,955",991.0,-    Institutions                                                                 430                                 202                      113                          991
Blibli/GDN,2025FY,Physical Stores,IDR billion,broad_archive/raw/blibli/27dfe2442bca_Earnings-Release-1Q26-PT-Global-Digital-Niaga-Tbk-.pdf.pdf,https://asset-about.blibli.com/2026/05/Earnings-Release-1Q26-PT-Global-Digital-Niaga-Tbk-.pdf,2,reported table extraction; geographic eligibility and visual cell review pending,8425.0,"-    Physical Stores                                                             2,700                              1,755                       54                       8,425",7026.0,"-    Physical Stores                                                            2,324                               1,449                      60                        7,026",1745.0,"-    Physical Stores                                                              465                                 428                       9                         1,745"
Blibli/GDN,2025FY,Group,IDR billion,broad_archive/raw/blibli/27dfe2442bca_Earnings-Release-1Q26-PT-Global-Digital-Niaga-Tbk-.pdf.pdf,https://asset-about.blibli.com/2026/05/Earnings-Release-1Q26-PT-Global-Digital-Niaga-Tbk-.pdf,2,reported table extraction; geographic eligibility and visual cell review pending,83316.0,"Total TPV                                                                       21,981                            19,997                        10                      83,316",22361.0,"Total Net Revenues                                                               7,835                              4,694                       67                       22,361",7083.0,"Total GPBD                                                                        2,167                               1,791                     21                        7,083"
Blibli/GDN,2026Q2,1P Retail,IDR billion,broad_archive/raw/blibli/28624263ebfc_Earnings-Release-1H26-PT-Global-Digital-Niaga-Tbk.pdf.pdf,https://asset-about.blibli.com/2026/07/Earnings-Release-1H26-PT-Global-Digital-Niaga-Tbk.pdf,2,reported table extraction; geographic eligibility and visual cell review pending,1780.0,"-    1P Retail                                                  1,780                   1,207                 47                4,052                  3,087                        31",1292.0,"-    1P Retail                                                   1,292                   942                 37                2,866                   2,339                       23",458.0,"-    1P Retail                                                    458                     250                83                  1,021                    709                      44"
Blibli/GDN,2026Q2,3P Retail,IDR billion,broad_archive/raw/blibli/28624263ebfc_Earnings-Release-1H26-PT-Global-Digital-Niaga-Tbk.pdf.pdf,https://asset-about.blibli.com/2026/07/Earnings-Release-1H26-PT-Global-Digital-Niaga-Tbk.pdf,2,reported table extraction; geographic eligibility and visual cell review pending,14169.0,"-    3P Retail                                                 14,169                  13,702                  3               26,272                 27,295                       (4)",421.0,-    3P Retail                                                     421                   372                 13                  806                     723                        11,751.0,"-    3P Retail                                                     751                     715                 5                 1,459                   1,416                      3"
Blibli/GDN,2026Q2,Institutions,IDR billion,broad_archive/raw/blibli/28624263ebfc_Earnings-Release-1H26-PT-Global-Digital-Niaga-Tbk.pdf.pdf,https://asset-about.blibli.com/2026/07/Earnings-Release-1H26-PT-Global-Digital-Niaga-Tbk.pdf,2,reported table extraction; geographic eligibility and visual cell review pending,4790.0,"-    Institutions                                               4,790                   3,225                 49                9,696                  5,994                       62",3156.0,"-    Institutions                                                3,156                  1,889                67                6,708                   3,386                       98",228.0,-    Institutions                                                 228                     229                (0)                  658                     432                      52
Blibli/GDN,2026Q2,Physical Stores,IDR billion,broad_archive/raw/blibli/28624263ebfc_Earnings-Release-1H26-PT-Global-Digital-Niaga-Tbk.pdf.pdf,https://asset-about.blibli.com/2026/07/Earnings-Release-1H26-PT-Global-Digital-Niaga-Tbk.pdf,2,reported table extraction; geographic eligibility and visual cell review pending,2472.0,"-    Physical Stores                                            2,472                   2,108                 17                 5,172                 3,863                       34",2126.0,"-    Physical Stores                                             2,126                  1,699                25                4,450                    3,148                       41",451.0,-    Physical Stores                                              451                     488                (8)                   917                    916                       0
Blibli/GDN,2026Q2,Group,IDR billion,broad_archive/raw/blibli/28624263ebfc_Earnings-Release-1H26-PT-Global-Digital-Niaga-Tbk.pdf.pdf,https://asset-about.blibli.com/2026/07/Earnings-Release-1H26-PT-Global-Digital-Niaga-Tbk.pdf,2,reported table extraction; geographic eligibility and visual cell review pending,23211.0,"Total TPV                                                      23,211                 20,242                  15               45,192                40,239                         12",6995.0,"Total Net Revenues                                               6,995                  4,902                 43               14,830                   9,596                       55",1888.0,"Total GPBD                                                       1,888                   1,682                 12                4,055                   3,473                      17"
Blibli/GDN,2025Q2,1P Retail,IDR billion,broad_archive/raw/blibli/28624263ebfc_Earnings-Release-1H26-PT-Global-Digital-Niaga-Tbk.pdf.pdf,https://asset-about.blibli.com/2026/07/Earnings-Release-1H26-PT-Global-Digital-Niaga-Tbk.pdf,2,reported table extraction; geographic eligibility and visual cell review pending,1207.0,"-    1P Retail                                                  1,780                   1,207                 47                4,052                  3,087                        31",942.0,"-    1P Retail                                                   1,292                   942                 37                2,866                   2,339                       23",250.0,"-    1P Retail                                                    458                     250                83                  1,021                    709                      44"
Blibli/GDN,2025Q2,3P Retail,IDR billion,broad_archive/raw/blibli/28624263ebfc_Earnings-Release-1H26-PT-Global-Digital-Niaga-Tbk.pdf.pdf,https://asset-about.blibli.com/2026/07/Earnings-Release-1H26-PT-Global-Digital-Niaga-Tbk.pdf,2,reported table extraction; geographic eligibility and visual cell review pending,13702.0,"-    3P Retail                                                 14,169                  13,702                  3               26,272                 27,295                       (4)",372.0,-    3P Retail                                                     421                   372                 13                  806                     723                        11,715.0,"-    3P Retail                                                     751                     715                 5                 1,459                   1,416                      3"
Blibli/GDN,2025Q2,Institutions,IDR billion,broad_archive/raw/blibli/28624263ebfc_Earnings-Release-1H26-PT-Global-Digital-Niaga-Tbk.pdf.pdf,https://asset-about.blibli.com/2026/07/Earnings-Release-1H26-PT-Global-Digital-Niaga-Tbk.pdf,2,reported table extraction; geographic eligibility and visual cell review pending,3225.0,"-    Institutions                                               4,790                   3,225                 49                9,696                  5,994                       62",1889.0,"-    Institutions                                                3,156                  1,889                67                6,708                   3,386                       98",229.0,-    Institutions                                                 228                     229                (0)                  658                     432                      52
Blibli/GDN,2025Q2,Physical Stores,IDR billion,broad_archive/raw/blibli/28624263ebfc_Earnings-Release-1H26-PT-Global-Digital-Niaga-Tbk.pdf.pdf,https://asset-about.blibli.com/2026/07/Earnings-Release-1H26-PT-Global-Digital-Niaga-Tbk.pdf,2,reported table extraction; geographic eligibility and visual cell review pending,2108.0,"-    Physical Stores                                            2,472                   2,108                 17                 5,172                 3,863                       34",1699.0,"-    Physical Stores                                             2,126                  1,699                25                4,450                    3,148                       41",488.0,-    Physical Stores                                              451                     488                (8)                   917                    916                       0
Blibli/GDN,2025Q2,Group,IDR billion,broad_archive/raw/blibli/28624263ebfc_Earnings-Release-1H26-PT-Global-Digital-Niaga-Tbk.pdf.pdf,https://asset-about.blibli.com/2026/07/Earnings-Release-1H26-PT-Global-Digital-Niaga-Tbk.pdf,2,reported table extraction; geographic eligibility and visual cell review pending,20242.0,"Total TPV                                                      23,211                 20,242                  15               45,192                40,239                         12",4902.0,"Total Net Revenues                                               6,995                  4,902                 43               14,830                   9,596                       55",1682.0,"Total GPBD                                                       1,888                   1,682                 12                4,055                   3,473                      17"
Blibli/GDN,2026H1,1P Retail,IDR billion,broad_archive/raw/blibli/28624263ebfc_Earnings-Release-1H26-PT-Global-Digital-Niaga-Tbk.pdf.pdf,https://asset-about.blibli.com/2026/07/Earnings-Release-1H26-PT-Global-Digital-Niaga-Tbk.pdf,2,reported table extraction; geographic eligibility and visual cell review pending,4052.0,"-    1P Retail                                                  1,780                   1,207                 47                4,052                  3,087                        31",2866.0,"-    1P Retail                                                   1,292                   942                 37                2,866                   2,339                       23",1021.0,"-    1P Retail                                                    458                     250                83                  1,021                    709                      44"
Blibli/GDN,2026H1,3P Retail,IDR billion,broad_archive/raw/blibli/28624263ebfc_Earnings-Release-1H26-PT-Global-Digital-Niaga-Tbk.pdf.pdf,https://asset-about.blibli.com/2026/07/Earnings-Release-1H26-PT-Global-Digital-Niaga-Tbk.pdf,2,reported table extraction; geographic eligibility and visual cell review pending,26272.0,"-    3P Retail                                                 14,169                  13,702                  3               26,272                 27,295                       (4)",806.0,-    3P Retail                                                     421                   372                 13                  806                     723                        11,1459.0,"-    3P Retail                                                     751                     715                 5                 1,459                   1,416                      3"
Blibli/GDN,2026H1,Institutions,IDR billion,broad_archive/raw/blibli/28624263ebfc_Earnings-Release-1H26-PT-Global-Digital-Niaga-Tbk.pdf.pdf,https://asset-about.blibli.com/2026/07/Earnings-Release-1H26-PT-Global-Digital-Niaga-Tbk.pdf,2,reported table extraction; geographic eligibility and visual cell review pending,9696.0,"-    Institutions                                               4,790                   3,225                 49                9,696                  5,994                       62",6708.0,"-    Institutions                                                3,156                  1,889                67                6,708                   3,386                       98",658.0,-    Institutions                                                 228                     229                (0)                  658                     432                      52
Blibli/GDN,2026H1,Physical Stores,IDR billion,broad_archive/raw/blibli/28624263ebfc_Earnings-Release-1H26-PT-Global-Digital-Niaga-Tbk.pdf.pdf,https://asset-about.blibli.com/2026/07/Earnings-Release-1H26-PT-Global-Digital-Niaga-Tbk.pdf,2,reported table extraction; geographic eligibility and visual cell review pending,5172.0,"-    Physical Stores                                            2,472                   2,108                 17                 5,172                 3,863                       34",4450.0,"-    Physical Stores                                             2,126                  1,699                25                4,450                    3,148                       41",917.0,-    Physical Stores                                              451                     488                (8)                   917                    916                       0
Blibli/GDN,2026H1,Group,IDR billion,broad_archive/raw/blibli/28624263ebfc_Earnings-Release-1H26-PT-Global-Digital-Niaga-Tbk.pdf.pdf,https://asset-about.blibli.com/2026/07/Earnings-Release-1H26-PT-Global-Digital-Niaga-Tbk.pdf,2,reported table extraction; geographic eligibility and visual cell review pending,45192.0,"Total TPV                                                      23,211                 20,242                  15               45,192                40,239                         12",14830.0,"Total Net Revenues                                               6,995                  4,902                 43               14,830                   9,596                       55",4055.0,"Total GPBD                                                       1,888                   1,682                 12                4,055                   3,473                      17"
Blibli/GDN,2025H1,1P Retail,IDR billion,broad_archive/raw/blibli/28624263ebfc_Earnings-Release-1H26-PT-Global-Digital-Niaga-Tbk.pdf.pdf,https://asset-about.blibli.com/2026/07/Earnings-Release-1H26-PT-Global-Digital-Niaga-Tbk.pdf,2,reported table extraction; geographic eligibility and visual cell review pending,3087.0,"-    1P Retail                                                  1,780                   1,207                 47                4,052                  3,087                        31",2339.0,"-    1P Retail                                                   1,292                   942                 37                2,866                   2,339                       23",709.0,"-    1P Retail                                                    458                     250                83                  1,021                    709                      44"
Blibli/GDN,2025H1,3P Retail,IDR billion,broad_archive/raw/blibli/28624263ebfc_Earnings-Release-1H26-PT-Global-Digital-Niaga-Tbk.pdf.pdf,https://asset-about.blibli.com/2026/07/Earnings-Release-1H26-PT-Global-Digital-Niaga-Tbk.pdf,2,reported table extraction; geographic eligibility and visual cell review pending,27295.0,"-    3P Retail                                                 14,169                  13,702                  3               26,272                 27,295                       (4)",723.0,-    3P Retail                                                     421                   372                 13                  806                     723                        11,1416.0,"-    3P Retail                                                     751                     715                 5                 1,459                   1,416                      3"
Blibli/GDN,2025H1,Institutions,IDR billion,broad_archive/raw/blibli/28624263ebfc_Earnings-Release-1H26-PT-Global-Digital-Niaga-Tbk.pdf.pdf,https://asset-about.blibli.com/2026/07/Earnings-Release-1H26-PT-Global-Digital-Niaga-Tbk.pdf,2,reported table extraction; geographic eligibility and visual cell review pending,5994.0,"-    Institutions                                               4,790                   3,225                 49                9,696                  5,994                       62",3386.0,"-    Institutions                                                3,156                  1,889                67                6,708                   3,386                       98",432.0,-    Institutions                                                 228                     229                (0)                  658                     432                      52
Blibli/GDN,2025H1,Physical Stores,IDR billion,broad_archive/raw/blibli/28624263ebfc_Earnings-Release-1H26-PT-Global-Digital-Niaga-Tbk.pdf.pdf,https://asset-about.blibli.com/2026/07/Earnings-Release-1H26-PT-Global-Digital-Niaga-Tbk.pdf,2,reported table extraction; geographic eligibility and visual cell review pending,3863.0,"-    Physical Stores                                            2,472                   2,108                 17                 5,172                 3,863                       34",3148.0,"-    Physical Stores                                             2,126                  1,699                25                4,450                    3,148                       41",916.0,-    Physical Stores                                              451                     488                (8)                   917                    916                       0
Blibli/GDN,2025H1,Group,IDR billion,broad_archive/raw/blibli/28624263ebfc_Earnings-Release-1H26-PT-Global-Digital-Niaga-Tbk.pdf.pdf,https://asset-about.blibli.com/2026/07/Earnings-Release-1H26-PT-Global-Digital-Niaga-Tbk.pdf,2,reported table extraction; geographic eligibility and visual cell review pending,40239.0,"Total TPV                                                      23,211                 20,242                  15               45,192                40,239                         12",9596.0,"Total Net Revenues                                               6,995                  4,902                 43               14,830                   9,596                       55",3473.0,"Total GPBD                                                       1,888                   1,682                 12                4,055                   3,473                      17"
