series,evidence_class,periods,annual_periods,positive_denominator_periods,adjacent_transitions,geography_scope_status,directness_status,current_empirical_role
Blibli 3P Retail,direct_candidate,FY2019-FY2025,7,6,5,"issuer/segment scope; 3P includes OTA/travel","direct issuer transaction and net-revenue pairs","candidate longitudinal evidence pending business-scope approval"
Bukalapak Group,direct_candidate,FY2020-FY2023,4,4,3,"Group includes overseas operations","direct issuer Group transaction and revenue pairs","candidate/supporting evidence pending geographic-scope approval"
Tokopedia e-commerce segment,direct_candidate,FY2022-FY2023,2,2,1,"Indonesia-aligned business segment; not literal geographic line","direct segment transaction and net-revenue pairs","strongest Indonesia-aligned direct segment candidate"
Grab Indonesia,conditional_country_reconstruction,FY2021-FY2023,3,3,2,"explicit Indonesia revenue anchor","revenue direct; transaction value derived using Group monetization rate","conditional sensitivity/supporting evidence"
Shopee Indonesia,conditional_country_reconstruction,FY2022-FY2024,3,3,2,"Indonesia market estimate rather than issuer geographic disclosure","country transaction value external; revenue derived using company-wide service rate","conditional sensitivity/supporting evidence"
DIRECT_CANDIDATE_TOTAL,summary,FY2019-FY2025,13,12,9,"mixed candidate scopes; advisor admission required","direct issuer/segment pairs only","direct-scope sensitivity; do not report as final thesis N"
INDONESIA_EXTENSION_RETAINED_TOTAL,summary,FY2021-FY2024,8,8,5,"6 conditional country periods + 2 direct Tokopedia periods","mixed direct/derived classes kept separate","historical extension corrected from 9 to 8 after Tokopedia FY2021 exclusion"
BOX_ALL_TIER_HYPOTHESIS,inventory_diagnostic,FY2020-FY2025,17,17,12,"five series across three evidence tiers","direct aligned + scope-pending + conditional","coverage diagnostic only; median abs divergence 42.02pp; 2 sign reversals"
DIRECT_SCOPE_SENSITIVITY,scope_sensitivity,FY2020-FY2025,12,12,9,"Blibli/Bukalapak scope pending + Tokopedia aligned","direct issuer/segment observations only with positive transition bases","median abs divergence 42.94pp; 3 sign reversals including Blibli FY2020-FY2021"
