platform_or_combination,year,geography,market_gmv_usd_billion,share_pct,platform_gmv_usd_billion,value_status,transaction_source,matching_platform_revenue_available,structural_status,admission_status,reason
TikTok Shop,2021,Indonesia,,,0.6,external_direct_amount_in_publisher_summary,https://momentum.asia/insights/detail/ecommerce-in-southeast-asia,no,standalone_pre_combination,market_activity_only,Indonesia was the initial Southeast Asian TikTok Shop market but no matching platform revenue is public
TikTok Shop,2022,Indonesia,51.9,5,2.5,external_direct_amount_in_publisher_summary,https://momentum.asia/insights/detail/ecommerce-in-southeast-asia,no,standalone_pre_combination,market_activity_only,Country GMV is externally estimated and ByteDance does not disclose matching Indonesia revenue
Lazada,2022,Indonesia,51.9,10,5.19,external_country_market_estimate,https://katadata.co.id/digital/e-commerce/658154f260d7e/bukalapak-dan-lazada-kuasai-pasar-khusus-meski-tiktok-gaet-tokopedia,no,stable_brand_but_multi_country_parent_reporting,market_activity_only,Alibaba revenue combines Lazada with other international commerce platforms and activities
TikTok Shop,2023,Indonesia,53.8,11,5.92,external_country_market_estimate,https://databoks.katadata.co.id/teknologi-telekomunikasi/statistik/678272b342544/tak-ada-bukalapak-ini-5-e-commerce-ri-dengan-gmv-terbesar,no,suspended_october_2023_then_combined_2024,market_activity_only,Full-year estimate spans the 2023 regulatory interruption and no matching Indonesia revenue is public
Lazada,2023,Indonesia,53.8,9,4.84,external_country_market_estimate,https://databoks.katadata.co.id/teknologi-telekomunikasi/statistik/678272b342544/tak-ada-bukalapak-ini-5-e-commerce-ri-dengan-gmv-terbesar,no,stable_brand_but_multi_country_parent_reporting,market_activity_only,Alibaba revenue combines Lazada with other international commerce platforms and activities
TikTok Shop,2024,Indonesia,56.5,11,6.215,derived_from_external_rounded_share,https://databoks.katadata.co.id/teknologi-telekomunikasi/statistik/68629ac92be0b/pangsa-pasar-shopee-tiktok-shop-hingga-blibli-di-indonesia-2024,no,post_combination_brand_channel,market_activity_only,Brand-facing share is reported separately although the Indonesian business was combined under PT Tokopedia from February 2024
Lazada,2024,Indonesia,56.5,7,3.955,derived_from_external_rounded_share,https://databoks.katadata.co.id/teknologi-telekomunikasi/statistik/68629ac92be0b/pangsa-pasar-shopee-tiktok-shop-hingga-blibli-di-indonesia-2024,no,stable_brand_but_multi_country_parent_reporting,market_activity_only,Estimated amount is derived from rounded market size and share and Alibaba does not disclose Lazada Indonesia revenue
TikTok Shop and Tokopedia,2025,Indonesia,57.7,38,21.926,derived_from_external_rounded_share,data/asean_context/momentum_2025_country_market_estimates.csv,no,post_combination_controlled_by_tiktok,market_activity_only,Combined share is not comparable with standalone TikTok Shop or Tokopedia and no matching combined revenue is public
Lazada,2025,Indonesia,57.7,6,3.462,derived_from_external_rounded_share,data/asean_context/momentum_2025_country_market_estimates.csv,no,stable_brand_but_multi_country_parent_reporting,market_activity_only,Estimated amount is derived from rounded market size and share; Alibaba does not disclose Lazada Indonesia revenue
