dropped_transition,remaining_transitions,remaining_reversals,median_absolute_growth_gap_pp,median_absolute_log_growth_gap_x100
Blibli_2020_2021,8,2,38.91676338961221,25.185748495382782
Blibli_2021_2022,8,3,29.33905682111479,28.584736227398114
Blibli_2022_2023,8,3,29.33905682111479,25.185748495382782
Blibli_2023_2024,8,3,52.517880296248194,40.0388084308738
Blibli_2024_2025,8,2,52.517880296248194,40.0388084308738
Bukalapak_2020_2021,8,3,52.517880296248194,40.0388084308738
Bukalapak_2021_2022,8,3,29.33905682111479,25.185748495382782
Bukalapak_2022_2023,8,3,52.517880296248194,40.0388084308738
Tokopedia_2022_2023,8,2,29.33905682111479,25.185748495382782
