platform,fiscal_quarter,announcement_date,sec_cik,sec_accession,source_url,retrieved_at_utc,saved_file,bytes,sha256,archive_status,error
Grab,2022Q1,2022-05-19,0001855612,0001193125-22-154516,https://www.sec.gov/Archives/edgar/data/1855612/000119312522154516/d480353dex991.htm,2026-09-08T10:02:10.169437+00:00,01_RAW_SOURCES/quarterly_releases/GRAB_2022Q1_sec_primary_exhibit.html,205013,623da2ae4e4b41ff05ce4d8136bea082574a3b615ec27424bbf94bb68c34fcc3,retrieved,
Grab,2022Q2,2022-08-25,0001855612,0001193125-22-229152,https://www.sec.gov/Archives/edgar/data/1855612/000119312522229152/d387827dex991.htm,2026-09-08T10:02:10.900712+00:00,01_RAW_SOURCES/quarterly_releases/GRAB_2022Q2_sec_primary_exhibit.html,281708,c99b2c18c44b479fe44bca5083f73a5647491c419b65b3d466d5683e3b4b840e,retrieved,
Grab,2022Q3,2022-11-16,0001855612,0001193125-22-286220,https://www.sec.gov/Archives/edgar/data/1855612/000119312522286220/d420282dex991.htm,2026-09-08T10:02:11.546722+00:00,01_RAW_SOURCES/quarterly_releases/GRAB_2022Q3_sec_primary_exhibit.html,273534,469411c14d59bda92cbbd681adb72b34b5d24b5486137f8c8a57209e39c65cb0,retrieved,
Grab,2022Q4,2023-02-23,0001855612,0001193125-23-045533,https://www.sec.gov/Archives/edgar/data/1855612/000119312523045533/d449524dex991.htm,2026-09-08T10:02:11.826627+00:00,01_RAW_SOURCES/quarterly_releases/GRAB_2022Q4_sec_primary_exhibit.html,328139,56f193f7fadd7e6327898aa0e1a7eb59f512537564548c7163c001fee717b56b,retrieved,
Grab,2023Q1,2023-05-18,0001855612,0000950170-23-022877,https://www.sec.gov/Archives/edgar/data/1855612/000095017023022877/ck0001855612-ex99_1.htm,2026-09-08T10:02:12.101613+00:00,01_RAW_SOURCES/quarterly_releases/GRAB_2023Q1_sec_primary_exhibit.html,561739,e61fb8d49c89dfb9a8a96c4db230c4af4a2ec604d67c168c0b5ac94f011c1f15,retrieved,
Grab,2023Q2,2023-08-23,0001855612,0000950170-23-044020,https://www.sec.gov/Archives/edgar/data/1855612/000095017023044020/ck0001855612-ex99_1.htm,2026-09-08T10:02:12.769626+00:00,01_RAW_SOURCES/quarterly_releases/GRAB_2023Q2_sec_primary_exhibit.html,746641,c6904e76f2fab83e3ba1c5e4464cde2c48497cb275bae7a9d8bbaaaf7f535d18,retrieved,
Grab,2023Q3,2023-11-09,0001855612,0000950170-23-061499,https://www.sec.gov/Archives/edgar/data/1855612/000095017023061499/ck0001855612-ex99_1.htm,2026-09-08T10:02:13.231687+00:00,01_RAW_SOURCES/quarterly_releases/GRAB_2023Q3_sec_primary_exhibit.html,625398,2d600786db35d6a585c70a192f78be816c6f7d12f4adfadc07dbcd4dfcaee4d0,retrieved,
Grab,2023Q4,2024-02-22,0001855612,0000950170-24-018412,https://www.sec.gov/Archives/edgar/data/1855612/000095017024018412/ck0001855612-ex99_1.htm,2026-09-08T10:02:13.533501+00:00,01_RAW_SOURCES/quarterly_releases/GRAB_2023Q4_sec_primary_exhibit.html,738774,5984d7b012db3525f677fd79e28250693082e3e8cb0ab722cb7a6987b713ac9f,retrieved,
Grab,2024Q1,2024-05-16,0001855612,0000950170-24-060727,https://www.sec.gov/Archives/edgar/data/1855612/000095017024060727/ck0001855612-ex99_1.htm,2026-09-08T10:02:13.828061+00:00,01_RAW_SOURCES/quarterly_releases/GRAB_2024Q1_sec_primary_exhibit.html,636586,b8819f66b355a9fa86ce70751b3a042aab7167c982ea1283e9f7642da7be92a3,retrieved,
Grab,2024Q2,2024-08-15,0001855612,0000950170-24-097373,https://www.sec.gov/Archives/edgar/data/1855612/000095017024097373/ck0001855612-ex99_1.htm,2026-09-08T10:02:14.113760+00:00,01_RAW_SOURCES/quarterly_releases/GRAB_2024Q2_sec_primary_exhibit.html,562477,42addf90c383f7b7a0d739d287ecbdc76753ac749a0b659f4894705b3e1e3177,retrieved,
Grab,2024Q3,2024-11-12,0001855612,0001855612-24-000004,https://www.sec.gov/Archives/edgar/data/1855612/000185561224000004/grab-20240930xex991fx3.htm,2026-09-08T10:02:14.428395+00:00,01_RAW_SOURCES/quarterly_releases/GRAB_2024Q3_sec_primary_exhibit.html,354961,576473c1ae112a74448565da469af17390dc9d90a9df3a458f178e1587020309,retrieved,
Grab,2024Q4,2025-02-20,0001855612,0001855612-25-000005,https://www.sec.gov/Archives/edgar/data/1855612/000185561225000005/exhibit991.htm,2026-09-08T10:02:14.707303+00:00,01_RAW_SOURCES/quarterly_releases/GRAB_2024Q4_sec_primary_exhibit.html,398083,4eafd806f58eab54e6c7f17232f28fb1f46bc889d39331c60b6ec29972c3de7c,retrieved,
Grab,2025Q1,2025-04-30,0001855612,0001855612-25-000026,https://www.sec.gov/Archives/edgar/data/1855612/000185561225000026/exhibit991-earningsrelease.htm,2026-09-08T10:02:14.986850+00:00,01_RAW_SOURCES/quarterly_releases/GRAB_2025Q1_sec_primary_exhibit.html,249206,046e3aed5d04fba496ad2cf89ef74fe0410577f061bd44963813145a37c2d65b,retrieved,
Grab,2025Q2,2025-07-31,0001855612,0001855612-25-000047,https://www.sec.gov/Archives/edgar/data/1855612/000185561225000047/a2025q2-earningspressrelea.htm,2026-09-08T10:02:15.281405+00:00,01_RAW_SOURCES/quarterly_releases/GRAB_2025Q2_sec_primary_exhibit.html,363318,3a81af4f7083a94a0febfcb8cbb82a78e9d336cd6902247f7d55b31716dcdb20,retrieved,
Grab,2025Q3,2025-11-04,0001855612,0001855612-25-000059,https://www.sec.gov/Archives/edgar/data/1855612/000185561225000059/a2025q3-earningspressrelea.htm,2026-09-08T10:02:15.560951+00:00,01_RAW_SOURCES/quarterly_releases/GRAB_2025Q3_sec_primary_exhibit.html,409460,bf4c10e5ad765d82feec8b03cb01b6dcc921009f554849e3a2f2ee74676fdf37,retrieved,
Grab,2025Q4,2026-02-12,0001855612,0001855612-26-000012,https://www.sec.gov/Archives/edgar/data/1855612/000185561226000012/a2025q4-earningspressrelea.htm,2026-09-08T10:02:15.898168+00:00,01_RAW_SOURCES/quarterly_releases/GRAB_2025Q4_sec_primary_exhibit.html,445491,79c143144608021ffc163802571c749c6dde9f01949f925e970fcd9ee808654a,retrieved,
Grab,2026Q1,2026-05-05,0001855612,0001855612-26-000078,https://www.sec.gov/Archives/edgar/data/1855612/000185561226000078/a42026q1-earningspressrele.htm,2026-09-08T10:02:16.185098+00:00,01_RAW_SOURCES/quarterly_releases/GRAB_2026Q1_sec_primary_exhibit.html,294527,1016d9a1506a681d42a823cc5b939139d92896d9ba9102af6355526ea1703697,retrieved,
Sea,2022Q1,2022-05-17,0001703399,0001104659-22-061936,https://www.sec.gov/Archives/edgar/data/1703399/000110465922061936/tm2215818d1_ex99-1.htm,2026-09-08T10:02:16.469475+00:00,01_RAW_SOURCES/quarterly_releases/SEA_2022Q1_sec_primary_exhibit.html,348690,858c6a0daa9bab15b154165286b9d832081689574af383b7574d0b25405b088d,retrieved,
Sea,2022Q2,2022-08-16,0001703399,0001104659-22-091743,https://www.sec.gov/Archives/edgar/data/1703399/000110465922091743/tm2223563d1_ex99-1.htm,2026-09-08T10:02:16.746594+00:00,01_RAW_SOURCES/quarterly_releases/SEA_2022Q2_sec_primary_exhibit.html,320486,b87d17cfaa90a639028a8e6dd9963d7ff52e40df368224bb055da4aac954218a,retrieved,
Sea,2022Q3,2022-11-15,0001703399,0001104659-22-119122,https://www.sec.gov/Archives/edgar/data/1703399/000110465922119122/tm2230567d1_ex99-1.htm,2026-09-08T10:02:17.192731+00:00,01_RAW_SOURCES/quarterly_releases/SEA_2022Q3_sec_primary_exhibit.html,307880,2d0a808d49a50d41036cd841f9c365da11ca6fa5bceba8bedfa6d51f36370826,retrieved,
Sea,2022Q4,2023-03-07,0001703399,0001104659-23-029545,https://www.sec.gov/Archives/edgar/data/1703399/000110465923029545/tm238717d1_ex99-1.htm,2026-09-08T10:02:17.639994+00:00,01_RAW_SOURCES/quarterly_releases/SEA_2022Q4_sec_primary_exhibit.html,473458,d525c3f5d0d240c81aa7b9ebdc6f7cc0f5a7e5bb9e9a5c88219d59d627ad92ad,retrieved,
Sea,2023Q4,2024-03-04,0001703399,0001104659-24-030484,https://www.sec.gov/Archives/edgar/data/1703399/000110465924030484/tm247857d1_ex99-1.htm,2026-09-08T10:02:17.931838+00:00,01_RAW_SOURCES/quarterly_releases/SEA_2023Q4_sec_primary_exhibit.html,468194,c417617ecc987cb2dd35381d54a25560d72321718203e31bc4a337b477ad4b70,retrieved,
Sea,2024Q1,2024-05-14,0001703399,0001193125-24-138204,https://www.sec.gov/Archives/edgar/data/1703399/000119312524138204/d838689dex991.htm,2026-09-08T10:02:18.437917+00:00,01_RAW_SOURCES/quarterly_releases/SEA_2024Q1_sec_primary_exhibit.html,328300,5621a51c8a8a2d6ed40f441819c2081c363172eebe6c12d60edcc74f47c646d3,retrieved,
Sea,2024Q2,2024-08-13,0001703399,0001104659-24-088947,https://www.sec.gov/Archives/edgar/data/1703399/000110465924088947/tm2421549d1_ex99-1.htm,2026-09-08T10:02:18.734960+00:00,01_RAW_SOURCES/quarterly_releases/SEA_2024Q2_sec_primary_exhibit.html,273474,e475d7aa563f647479c5b500a3c78dd20c0bba1005c07ceab958c53256b4843e,retrieved,
Sea,2024Q3,2024-11-12,0001703399,0001104659-24-116768,https://www.sec.gov/Archives/edgar/data/1703399/000110465924116768/tm2428140d1_ex99-1.htm,2026-09-08T10:02:19.193402+00:00,01_RAW_SOURCES/quarterly_releases/SEA_2024Q3_sec_primary_exhibit.html,297666,f7be62b8a57968653e673c9485c53aee067b719c19049b0006a7cb3f6cbcfe59,retrieved,
Sea,2024Q4,2025-03-04,0001703399,0001193125-25-045576,https://www.sec.gov/Archives/edgar/data/1703399/000119312525045576/d930776dex991.htm,2026-09-08T10:02:19.633713+00:00,01_RAW_SOURCES/quarterly_releases/SEA_2024Q4_sec_primary_exhibit.html,425083,dbe0094533a5f17427777cd2d5675ef7adbbd350eda26622797e3085faebc923,retrieved,
Sea,2025Q1,2025-05-13,0001703399,0001193125-25-118807,https://www.sec.gov/Archives/edgar/data/1703399/000119312525118807/d80392dex991.htm,2026-09-08T10:02:19.907340+00:00,01_RAW_SOURCES/quarterly_releases/SEA_2025Q1_sec_primary_exhibit.html,288202,05f74a2e209989505de48ca22f0b85a4faf495a975bda54e25a31b1206c92bc0,retrieved,
Sea,2025Q2,2025-08-12,0001703399,0001193125-25-178935,https://www.sec.gov/Archives/edgar/data/1703399/000119312525178935/d411448dex991.htm,2026-09-08T10:02:20.175352+00:00,01_RAW_SOURCES/quarterly_releases/SEA_2025Q2_sec_primary_exhibit.html,290385,fadffdcd98680fb19f9e7d74d61897bfab503377eacd0599dd01026fd3584b60,retrieved,
Sea,2025Q3,2025-11-11,0001703399,0001193125-25-275616,https://www.sec.gov/Archives/edgar/data/1703399/000119312525275616/d75589dex991.htm,2026-09-08T10:02:21.044016+00:00,01_RAW_SOURCES/quarterly_releases/SEA_2025Q3_sec_primary_exhibit.html,290133,c70f29aa81954a50a077f8a1190a2a0fc9926cc5c1978f03f3f462bb0c336615,retrieved,
Sea,2025Q4,2026-03-03,0001703399,0001193125-26-088151,https://www.sec.gov/Archives/edgar/data/1703399/000119312526088151/d106475dex991.htm,2026-09-08T10:02:21.692726+00:00,01_RAW_SOURCES/quarterly_releases/SEA_2025Q4_sec_primary_exhibit.html,462046,2d0cb6acdf4e973aaf9dc7cc71c809de298353010475180324ce2cffc2abead9,retrieved,
Sea,2026Q1,2026-05-12,0001703399,0001193125-26-219378,https://www.sec.gov/Archives/edgar/data/1703399/000119312526219378/d78490dex991.htm,2026-09-08T10:02:21.978327+00:00,01_RAW_SOURCES/quarterly_releases/SEA_2026Q1_sec_primary_exhibit.html,286911,73ab29c84b843c186b4326bf0d58ea9aaa54615a3d3f4a5f5e5ef3183bf51ff4,retrieved,
